gene_id,baseMean,log2FoldChange,lfcSE,stat,pvalue,padj
ENSG00000023445.14_BIRC3,1999.7034438660326,1.8163570383197662,0.10390204923978698,17.481436137298367,1.9843766525179067e-68,2.424114518715875e-64
ENSG00000169429.11_CXCL8,576.5487768633553,1.8578584548050519,0.13421043314397604,13.84287652817579,1.4047080130511217e-43,8.579956543716252e-40
ENSG00000164400.6_CSF2,551.9739297106287,1.616919885570399,0.14069464234848555,11.492405528601877,1.4404411097472445e-30,5.8654761988907794e-27
ENSG00000056558.11_TRAF1,502.5855461896258,1.482837774657237,0.1319974356454196,11.233837743943266,2.781298321340265e-29,8.49408507337317e-26
ENSG00000146232.16_NFKBIE,1271.2471771398104,1.1376505158640406,0.10275517546878236,11.071466820760437,1.7255281363642687e-28,4.215810342765181e-25
ENSG00000095752.7_IL11,440.50926937047245,1.5061029501716467,0.14590709935448015,10.322341797177268,5.584420521902335e-25,1.1369880182593155e-21
ENSG00000104856.14_RELB,492.15726154049116,1.293253566748506,0.13227484704239054,9.777018047384722,1.413126063970261e-22,2.466106856780101e-19
ENSG00000013441.16_CLK1,937.8558030309584,0.9965452923154826,0.11100018885288147,8.977870241610972,2.760583886622834e-19,4.215411594873067e-16
ENSG00000124225.16_PMEPA1,2391.5446880832164,0.7432900441606299,0.08490921431336952,8.753938546850906,2.0603331467551744e-18,2.7965588578623566e-15
ENSG00000124496.12_TRERF1,800.1440181613068,-0.9370521288560334,0.10871695894512853,-8.619190032062807,6.742937059166837e-18,8.237171911478208e-15
ENSG00000171223.6_JUNB,1129.0049642204958,0.9659784599440767,0.11224341391259957,8.606103701516544,7.558588910711285e-18,8.394156557568097e-15
ENSG00000077150.19_NFKB2,1870.146756288875,0.8948048821490692,0.10427020985556697,8.58159663616804,9.356523552107506e-18,9.52494097604544e-15
ENSG00000114812.13_VIPR1,749.3107519275064,0.9538391128786265,0.11938217622640762,7.989794984719294,1.3516333858950022e-15,1.270119495545642e-12
ENSG00000128342.5_LIF,1184.286867635948,0.8363628724521233,0.10558700024279231,7.921078073332384,2.354600285437859e-15,2.0545569347792058e-12
ENSG00000280987.4_MATR3,267.49688042667856,1.4267030660590485,0.18343348961659964,7.777767675036044,7.381546718188132e-15,6.011531647292414e-12
ENSG00000163739.4_CXCL1,98.76738785355198,2.1804783897063422,0.2891428448565849,7.541180521993761,4.65735861440783e-14,3.5558933021003785e-11
ENSG00000100906.10_NFKBIA,1383.8680810270039,0.7102132626223121,0.09478223948327566,7.493104894906279,6.726310098982388e-14,4.8334473040687567e-11
ENSG00000211459.2_MT-RNR1,17571.289547514916,0.7837074439936628,0.10482989415816754,7.475991941871119,7.662365203389262e-14,5.2001918513668456e-11
ENSG00000069399.15_BCL3,279.46062676864943,1.2500035706720911,0.1687344725432792,7.408110220935879,1.2811181127425534e-13,8.2369151922437e-11
ENSG00000122861.16_PLAU,8455.169666076614,0.5551878068951893,0.07501869833975154,7.400659024778116,1.3551027986439713e-13,8.276967894117376e-11
ENSG00000123689.6_G0S2,4807.68241422597,0.6195541290660579,0.0858011548306225,7.220813406172692,5.167752220834133e-13,3.006155291890941e-10
ENSG00000175592.8_FOSL1,14061.475397166558,0.5921289115798732,0.08506150864398507,6.9611851590613,3.3742193770914585e-12,1.873611995934057e-09
ENSG00000023608.5_SNAPC1,1966.5863973799555,0.6292839353667746,0.09220378235512383,6.824925391271706,8.79710227884134e-12,4.672408758188079e-09
ENSG00000118707.10_TGIF2,540.4789086935596,0.8648177701383435,0.12815951050974012,6.747979659867829,1.4991795726180018e-11,7.63082402462563e-09
ENSG00000104419.14_NDRG1,1568.8683420409411,-0.7268959343993766,0.10968687211884412,-6.627009416512448,3.425557893585782e-11,1.560790848738342e-08
ENSG00000148677.6_ANKRD1,7429.289480028294,0.49585407458710756,0.07483398305824557,6.626054825936089,3.447771601600589e-11,1.560790848738342e-08
ENSG00000184635.15_ZNF93,237.83963379917114,-1.1255583531297535,0.16987065500402426,-6.625972879795447,3.449685078252721e-11,1.560790848738342e-08
ENSG00000134954.14_ETS1,3489.533373614036,0.6187326355827368,0.09373263393377206,6.601037542804036,4.082901324221263e-11,1.7777993564244675e-08
ENSG00000040633.13_PHF23,743.9138113908951,0.7304998105313807,0.11074678194688921,6.596126746885578,4.220381576318726e-11,1.7777993564244675e-08
ENSG00000178038.17_ALS2CL,893.8942577245574,0.7993094651923974,0.12527519760808853,6.380428691822628,1.7659294031786672e-10,7.190864529743532e-08
ENSG00000164442.10_CITED2,641.8326447582643,-0.8644825845214927,0.13724891264407635,-6.298647966438398,3.00253024412412e-10,1.1831906278135564e-07
ENSG00000140465.14_CYP1A1,209.94688768808146,1.1487760286130588,0.1827074002958034,6.2875177839167415,3.225820685607487e-10,1.2314570467306582e-07
ENSG00000174136.12_RGMB,1806.4411227907017,0.5883879375383337,0.09474460305183699,6.210252812146069,5.289942693531104e-10,1.9582406043689687e-07
ENSG00000179041.4_RRS1,954.9439478015516,0.6663926143299255,0.1083306434810413,6.151469177292843,7.676844723729928e-10,2.758245151326024e-07
ENSG00000103257.9_SLC7A5,6815.8292364784675,0.4738854670041832,0.077137023787174,6.143424308301855,8.076116590906808e-10,2.8187954364147877e-07
ENSG00000118503.15_TNFAIP3,294.37234542068074,0.9648259210399024,0.15782647348673481,6.113207117442152,9.764850168746998e-10,3.3135391572614814e-07
ENSG00000149798.5_CDC42EP2,1090.6998282728891,0.7039312597953757,0.11574399816559344,6.081794917679191,1.1884452024544834e-09,3.9237963765362084e-07
ENSG00000146112.12_PPP1R18,3758.46683272921,0.4821073470810102,0.08016234164961179,6.01413752592574,1.8084693403023136e-09,5.813753016087648e-07
ENSG00000185650.9_ZFP36L1,2852.563676023128,0.520471863762692,0.08785377327138325,5.924297208668967,3.136357758296062e-09,9.824037532139665e-07
ENSG00000128965.13_CHAC1,150.23953611337535,-1.3395779462528123,0.22670540323655503,-5.908892894162889,3.44414532132468e-09,1.0517558122373865e-06
ENSG00000137331.12_IER3,8224.109346375588,0.5315586260980047,0.09002088327596244,5.904836819568762,3.529959749650692e-09,1.0517558122373865e-06
ENSG00000129521.13_EGLN3,166.0271047430112,-1.200957050555508,0.2040157232751463,-5.886590657210447,3.942435439087721e-09,1.1466855077118e-06
ENSG00000148426.13_PROSER2,806.7545990751536,0.6415498265321259,0.10914913642721308,5.877736164774407,4.15915106124376e-09,1.1815857991663667e-06
ENSG00000114268.12_PFKFB4,204.41240643939594,-1.146501028640458,0.19706692210859414,-5.817825824714896,5.961797492871847e-09,1.6552117766573291e-06
ENSG00000177426.20_TGIF1,893.4215830623489,0.6363745509842473,0.11057512978393852,5.75513275207282,8.65737345394475e-09,2.350188313630868e-06
ENSG00000166483.11_WEE1,600.3664769516532,-0.7331244806193435,0.12804828819611036,-5.7253750983108675,1.0320545324686197e-08,2.7407778627471e-06
ENSG00000183864.5_TOB2,381.1360755851375,0.8188936261666402,0.14534316258923533,5.6342081153206625,1.7586454327963145e-08,4.4977724274098195e-06
ENSG00000099860.9_GADD45B,1377.6327444262047,-0.6037078784906029,0.10716653027019211,-5.63336217911052,1.767297613913485e-08,4.4977724274098195e-06
ENSG00000134259.3_NGF,229.4808133127132,1.0123814074130553,0.17992604349389885,5.626652972266266,1.8373984732287076e-08,4.580746887543243e-06
ENSG00000181625.17_SLX1B,89.21722647344146,-1.779761568477667,0.3212673574579107,-5.539814510133772,3.027921903440717e-08,7.3978187944863595e-06
ENSG00000143847.15_PPFIA4,139.18057273382178,-1.2433534484307935,0.22474740591890385,-5.532226026579527,3.161920871128966e-08,7.573730463080676e-06
ENSG00000134363.12_FST,1408.8698655362446,0.5227213472191826,0.09493939937951472,5.5058421544214164,3.6740761997510274e-08,8.631252856953568e-06
ENSG00000177706.9_FAM20C,1050.2762165492345,-0.5524990425992474,0.10203659461969927,-5.41471463898288,6.1386526427042e-08,1.4149015223259342e-05
ENSG00000168994.13_PXDC1,1551.0634250657827,0.5033945818004001,0.09366068816656456,5.37466242939804,7.672629031758656e-08,1.7357191898511804e-05
ENSG00000164430.16_CGAS,953.3685119568403,0.573767013496738,0.10759630885680642,5.3325901194280805,9.682169093886182e-08,2.1338281639573328e-05
ENSG00000077044.10_DGKD,1158.3924255933027,0.637390261347986,0.11956900388802859,5.330731549330925,9.781792500131848e-08,2.1338281639573328e-05
ENSG00000142910.16_TINAGL1,3920.9118421827757,0.4525926733998167,0.08563510828109717,5.285129924915626,1.2561557172303803e-07,2.69214004240111e-05
ENSG00000143867.7_OSR1,221.618868672219,-0.9838400953602606,0.18754002872396544,-5.246027219118887,1.554139515586991e-07,3.273339365932876e-05
ENSG00000142627.13_EPHA2,5210.377608862543,0.4117470203613671,0.07885733943632386,5.221416589813391,1.7755960158678815e-07,3.676386598278312e-05
ENSG00000006468.14_ETV1,357.53472121530484,-0.8137753227498764,0.15609243622179658,-5.213419320290177,1.8539118094140135e-07,3.774564443966931e-05
ENSG00000106366.8_SERPINE1,21791.072308450355,0.3588398122352094,0.06904454492071378,5.197221773961686,2.0228897732594078e-07,4.002207103286977e-05
ENSG00000107984.10_DKK1,13051.119649637292,0.3765367354463807,0.07246030548308102,5.19645525831104,2.031244600554949e-07,4.002207103286977e-05
ENSG00000136244.12_IL6,376.45923302726214,0.7906334770305282,0.15341322760696147,5.153619993290928,2.555054514516785e-07,4.9543723729106426e-05
ENSG00000233327.10_USP32P2,182.28025087547712,1.0798355523646423,0.21116720858019894,5.11365168685522,3.1598978815850844e-07,6.0314550814755297e-05
ENSG00000166592.12_RRAD,281.49139845106515,0.911063462876197,0.17899164611716342,5.089977563979929,3.5810588252726495e-07,6.73018686300472e-05
ENSG00000034152.18_MAP2K3,1692.3434365279168,0.4817889303036527,0.09497182937399215,5.072966725810903,3.9166100573274924e-07,7.249289160653431e-05
ENSG00000273590.4_SMIM11B,231.63936051666172,1.1246313766707383,0.22315575119856582,5.039670143522459,4.6633488903477946e-07,8.502607469326665e-05
ENSG00000197622.13_CDC42SE1,1364.1450398257996,0.46909032586367705,0.09337831177261532,5.0235468703477375,5.07258380675885e-07,9.049992478991747e-05
ENSG00000020577.13_SAMD4A,902.0500670451432,0.5461449380983103,0.10875927757921966,5.021594021719217,5.124440828359211e-07,9.049992478991747e-05
ENSG00000103064.15_SLC7A6,1159.2398688310332,0.548731435362484,0.10932413948602483,5.019307153408966,5.18581756327294e-07,9.049992478991747e-05
ENSG00000170345.10_FOS,232.04585937060205,-0.8911518565134599,0.17788514749464346,-5.009703559091658,5.451393957350445e-07,9.379468814506063e-05
ENSG00000120217.14_CD274,706.8100915992425,0.5653116649771772,0.11294889795342986,5.005021520531009,5.585579043842811e-07,9.476865777719968e-05
ENSG00000139718.10_SETD1B,355.03503888418254,0.7185135372084509,0.14503149228832624,4.954189782313127,7.263229086077885e-07,0.00012154466645962664
ENSG00000115548.17_KDM3A,678.3948749630524,-0.5543582312611376,0.11207980189130298,-4.946102883004418,7.571395323476531e-07,0.00012498941252917474
ENSG00000124789.11_NUP153,3154.6776820334903,0.44342178036004554,0.08998085439555703,4.927956989725365,8.309390238297923e-07,0.00013534334820139657
ENSG00000165029.16_ABCA1,539.5332190958673,-0.7947947984099767,0.16156911419836037,-4.919224830521739,8.68876217382439e-07,0.0001396604193624194
ENSG00000111641.11_NOP2,1516.1906429344317,0.5752199679799611,0.11718974876260187,4.908449536360196,9.179924301859459e-07,0.00014563890295001968
ENSG00000038382.20_TRIO,4070.424152315507,0.4283311380249059,0.08736335814089918,4.902869431073102,9.444676525380981e-07,0.00014791816465904367
ENSG00000109320.12_NFKB1,692.1581794516794,0.628272652973693,0.12832358350313045,4.896003024715766,9.780556101503739e-07,0.00015123958650122745
ENSG00000126705.14_AHDC1,490.90839719177836,0.6876724297169592,0.14147842979886582,4.860616778788084,1.1702058907059459e-06,0.0001786904395107979
ENSG00000253522.6_MIR3142HG,68.21363408880646,1.674372116333875,0.34796240956987035,4.8119339051699015,1.4947679150431792e-06,0.00022543314629836392
ENSG00000143067.5_ZNF697,412.531465743141,0.666975027599588,0.13987179819396842,4.76847396123881,1.8562665951128972e-06,0.0002765384478768189
ENSG00000090339.9_ICAM1,686.5195214169346,0.5431264017107851,0.11415154062616942,4.757941931677027,1.955767378693977e-06,0.0002861930219979607
ENSG00000138623.10_SEMA7A,1222.8932725683783,0.4846709698316055,0.10193238194441717,4.754828255616476,1.9861518723696944e-06,0.0002861930219979607
ENSG00000117877.10_CD3EAP,1093.8977452676897,0.4802848724199882,0.10102116384598232,4.754299536206436,1.991356161577166e-06,0.0002861930219979607
ENSG00000115963.13_RND3,2158.796731851497,-0.45084919737857876,0.09489193095376573,-4.751185826308523,2.0222717747728502e-06,0.0002872566511700597
ENSG00000137193.14_PIM1,347.0941063607213,-0.6978728694779572,0.14705572776044998,-4.745635413907674,2.078528038321305e-06,0.00029131057048517356
ENSG00000275993.2_SIK1B,778.9649122779383,0.5430789069744368,0.11448426435664692,4.743699145260794,2.098504437024826e-06,0.00029131057048517356
ENSG00000165684.4_SNAPC4,390.3350782931915,0.7791675277842919,0.16452840566146687,4.735762950183232,2.1823254966326476e-06,0.0002995425647962295
ENSG00000173846.13_PLK3,433.22816026939665,0.7295240323695926,0.1543972515250835,4.724980692101722,2.3013722118392875e-06,0.0003123729215536526
ENSG00000080823.23_MOK,1167.3820826589292,0.5161627845814141,0.1094662665440734,4.715268007917272,2.413927954137151e-06,0.0003240499328323015
ENSG00000081041.9_CXCL2,138.6622907928074,1.1501892282628627,0.24430026046277134,4.708096610638444,2.5004059549664223e-06,0.000332010425498585
ENSG00000104881.16_PPP1R13L,1085.3527092013796,0.482298278841633,0.10332526594604854,4.667767118000604,3.0449074620435972e-06,0.0003969995409078738
ENSG00000112149.10_CD83,311.7338295004475,0.734721243122432,0.15742572957712372,4.667097590057463,3.054842570836619e-06,0.0003969995409078738
ENSG00000269713.7_NBPF9,1774.4406584401452,0.4093260356252016,0.08787450547303112,4.658074983429917,3.191799622805748e-06,0.00041043183360205284
ENSG00000110047.18_EHD1,5438.55477831004,0.3829788106136165,0.08233560520211035,4.651436151753705,3.2963133534395798e-06,0.00041945587422518655
ENSG00000281453.1_TGFB2-OT1,383.7828818809964,0.6543543749595467,0.14089363131748403,4.6443147844280555,3.4120699063178718e-06,0.00042970975232555793
ENSG00000040275.17_SPDL1,1917.1552000746494,0.43385018607308834,0.09386209003712705,4.622208880086512,3.7967542192656103e-06,0.00047327703614845606
ENSG00000143631.10_FLG,358.2752970511494,0.7360172194240814,0.15969433475530845,4.608912523740077,4.0478058214234795e-06,0.0004994747062071639
ENSG00000183963.18_SMTN,1477.5605217693815,0.4780619511101936,0.10388525092336787,4.601826985650171,4.188010312805412e-06,0.0005116073398123091
ENSG00000113070.8_HBEGF,1665.1567929810203,0.41264874761387704,0.0899253904270809,4.588790169874074,4.458222771879027e-06,0.0005392242512997445
ENSG00000197989.14_SNHG12,775.5068831614656,0.5733687460505362,0.12514063892642635,4.581794938634087,4.610018359093168e-06,0.0005521174928890405
ENSG00000155324.9_GRAMD2B,873.4835892749476,0.5357097914905652,0.117004595768761,4.578536321336483,4.682408666068145e-06,0.0005553427598513442
ENSG00000272269.1_AL138724.1,172.58407430229744,0.9269801848398406,0.20320117855700845,4.561883899604325,5.069667928715519e-06,0.0005954909943960459
ENSG00000113645.14_WWC1,1215.0361484691603,0.4592768409570738,0.10127238348848994,4.535064991427526,5.75857503461983e-06,0.0006699690725991985
ENSG00000114315.4_HES1,443.59403868248427,-0.6402924523067928,0.14192868377963896,-4.511367506943998,6.4411011312375775e-06,0.000742306522822625
ENSG00000175505.11_CLCF1,510.23161635643635,0.5875244866802327,0.13062325723457965,4.497855122576889,6.86424449390457e-06,0.0007836786050237217
ENSG00000152256.13_PDK1,381.67634312574216,-0.7040185379364503,0.15769156902470755,-4.464528714443464,8.024518687519638e-06,0.0009076622248772214
ENSG00000259332.3_ST20-MTHFS,36.57027417292264,2.1017581178255234,0.4711044100169371,4.461342481913853,8.14478028204201e-06,0.0009128131736277539
ENSG00000124762.13_CDKN1A,1941.7843437888412,0.38173870137895666,0.08583144422926708,4.447539066909819,8.685966540032569e-06,0.0009646160659367078
ENSG00000184402.15_SS18L1,499.9058211083799,0.5637890182204909,0.12699351864768557,4.439510175197164,9.016385202297874e-06,0.0009863050657744298
ENSG00000101040.19_ZMYND8,716.6471816551541,-0.5054730227774128,0.11387395341795654,-4.438881830352838,9.04274454541062e-06,0.0009863050657744298
ENSG00000163870.15_TPRA1,571.0695125911282,0.5737190520115162,0.12964209618092729,4.425407093162389,9.626057939420947e-06,0.0010406364936988166
ENSG00000176697.19_BDNF,996.9129374829761,0.46444463315916135,0.10523635262326506,4.413347874396823,1.0178424688179077e-05,0.0010906985613227684
ENSG00000113240.13_CLK4,245.9567729691259,0.7490704860328249,0.17011793132772024,4.403242387128452,1.0664490109836992e-05,0.0011328470537545104
ENSG00000247095.2_MIR210HG,118.31535710288169,-1.0658209769408329,0.2428453505082143,-4.388887720972781,1.139318682144476e-05,0.0011994598394548998
ENSG00000164056.11_SPRY1,97.70943543489884,-1.1229812604912544,0.25597431242501306,-4.387085758147035,1.148795032876746e-05,0.0011994598394548998
ENSG00000108179.14_PPIF,2437.975960523033,0.36172045117240775,0.0825750360511833,4.380506124734829,1.1840396417080865e-05,0.0012234380534879908
ENSG00000144746.7_ARL6IP5,1092.3489159336284,-0.4623532504190976,0.10558217731427674,-4.379084256264703,1.1917905072451776e-05,0.0012234380534879908
ENSG00000173281.5_PPP1R3B,231.02524883694332,-0.7885962711028693,0.18068000806003093,-4.364601704250855,1.2735458771843976e-05,0.0012964697029737167
ENSG00000105722.10_ERF,701.3637768486694,0.5507171307689561,0.12638779327257355,4.357360125603704,1.3164057250108298e-05,0.0013290258129530824
ENSG00000189143.9_CLDN4,700.1602428730866,-0.4854640399674608,0.11154029462608653,-4.352364691117847,1.3467699129607964e-05,0.0013485361685843516
ENSG00000147454.14_SLC25A37,2446.6296615816,0.4102451680127095,0.09431105391019073,4.349916059716311,1.3618965399225187e-05,0.0013525957830645113
ENSG00000275131.3_AC241952.1,601.6193747986121,0.5568468836123149,0.12809658563312323,4.347086074621534,1.3795809023057793e-05,0.0013591097018199516
ENSG00000145365.11_TIFA,295.9418292293743,0.6982884688795161,0.16087187966538125,4.340649654445382,1.4206207486549647e-05,0.0013840205050727305
ENSG00000139926.15_FRMD6,2770.205843840666,0.4926571616963627,0.11354208005831659,4.338983057588235,1.4314355632016773e-05,0.0013840205050727305
ENSG00000100234.11_TIMP3,5012.554930285845,-0.3425356643886976,0.07896444970381698,-4.337846533136039,1.4388556331388079e-05,0.0013840205050727305
ENSG00000282057.1_AC092807.3,77.28456649679151,1.279409299761395,0.2954937669722195,4.329733628126502,1.4928981264863903e-05,0.0014247846494654488
ENSG00000099194.6_SCD,2929.320628478231,-0.36506696506756414,0.08470352865000015,-4.309938096865383,1.6330025085142793e-05,0.0015464153987604988
ENSG00000166387.13_PPFIBP2,51.678933910703094,-1.4782723907597857,0.3433510955920693,-4.305425000059126,1.6666545062114542e-05,0.001566142419067625
ENSG00000148840.11_PPRC1,1590.2145588957806,0.40603580026280467,0.09436091113286789,4.3030084744632555,1.68494402808169e-05,0.001571242461606559
ENSG00000103642.12_LACTB,628.5881921018756,0.5142440262200598,0.11970905532912561,4.295782176262338,1.7407845035508735e-05,0.0016110169314679902
ENSG00000130810.20_PPAN,994.3912000354991,0.45814223763358813,0.1074394953672334,4.264188286324649,2.0063021236201837e-05,0.0018427809580559523
ENSG00000183421.12_RIPK4,223.02918652658795,0.8197041067918098,0.19372602443949863,4.2312544696224155,2.323915779319914e-05,0.002118578743296423
ENSG00000167034.10_NKX3-1,405.467121954303,0.6028942787228739,0.1427332279488648,4.223923800972714,2.4008525308528323e-05,0.0021725047790294963
ENSG00000204569.10_PPP1R10,1250.4943240110965,0.4165210765719325,0.09901319314854674,4.206722996470153,2.591004065197027e-05,0.0023273312985622706
ENSG00000105576.15_TNPO2,2726.13370390665,0.38286616830094294,0.09112120458319715,4.201724176630824,2.6488975784073258e-05,0.0023340731266423376
ENSG00000138764.15_CCNG2,146.55783170750232,-0.9831008046993642,0.23398224504704476,-4.201604290537945,2.6503010231478198e-05,0.0023340731266423376
ENSG00000159128.14_IFNGR2,1300.6790568814056,0.3970832353163733,0.09451813914239396,4.201132596550144,2.6558297691820964e-05,0.0023340731266423376
ENSG00000273018.6_FAM106A,125.0740352016089,-1.0412260749453253,0.24867476217309042,-4.187099912537881,2.8254146941009894e-05,0.002465376135938406
ENSG00000065526.11_SPEN,935.9856430762075,0.44886388482633555,0.10732223366362065,4.182394174101954,2.8845529573318495e-05,0.002485601501272458
ENSG00000007545.15_CRAMP1,320.36496793410384,0.6620515921036196,0.15836585202351464,4.180519876250318,2.9084338628830988e-05,0.002485601501272458
ENSG00000140153.17_WDR20,498.84187305149237,0.529394842826494,0.12663657821934188,4.180425989634302,2.9096350252288924e-05,0.002485601501272458
ENSG00000258441.1_LINC00641,78.82967649345224,1.2594309915188415,0.30162196024001164,4.175528169489603,2.9729546025044243e-05,0.002522056487791253
ENSG00000119922.10_IFIT2,603.2149539870634,-0.5077380985949552,0.12181119022529821,-4.16823854734412,3.0696259222260755e-05,0.0025861069148906024
ENSG00000259040.5_BLOC1S5-TXNDC5,224.55911267225673,0.9211570159830345,0.22123379911039895,4.1637264273681955,3.1309522994914115e-05,0.0026197063897662382
ENSG00000180730.4_SHISA2,487.70062808047805,0.5372233569796742,0.12923929310299337,4.156811323252521,3.2272029824248016e-05,0.002681871539680366
ENSG00000257594.4_GALNT4,139.74666735379338,-0.9086598253687841,0.21903385016542876,-4.148490403115795,3.346748741822126e-05,0.0027624245020337226
ENSG00000138675.16_FGF5,347.43947183086124,0.6219790014102068,0.15003425545396143,4.145579951246956,3.3895470168823674e-05,0.002778973581089597
ENSG00000168297.15_PXK,1226.7482259060412,0.42269749706928317,0.10202252770616016,4.143178046781138,3.425258107677283e-05,0.0027895302028923792
ENSG00000171453.19_POLR1C,1388.5842943556495,0.4235227716025804,0.10233357197806923,4.138649354420504,3.4935641348690535e-05,0.002826316521295388
ENSG00000188483.7_IER5L,211.42869733763874,0.9646726477909842,0.23318379331188785,4.136962668330538,3.519333398247456e-05,0.002828432683749403
ENSG00000167074.15_TEF,118.14063420684394,-0.9760897040383436,0.23629874949506052,-4.13074426387833,3.615906586604589e-05,0.0028870532589517425
ENSG00000131323.14_TRAF3,654.1054361426643,0.4787352572131861,0.11619962966940685,4.119937891155156,3.789745411511519e-05,0.003006203243313293
ENSG00000196756.12_SNHG17,808.4830271922486,0.5139532599726897,0.12500408035298424,4.111491869076576,3.931107212867171e-05,0.003098219723379701
ENSG00000243716.10_NPIPB5,1019.810702059863,0.6573528781237682,0.16019702877343991,4.103402436092841,4.07118178946898e-05,0.0031877810487942423
ENSG00000124201.15_ZNFX1,1378.1144953838023,0.3909156179879193,0.09530008774876915,4.101943945932707,4.0969353688662085e-05,0.0031877810487942423
ENSG00000111424.10_VDR,205.15007606507183,0.7419392691368789,0.1812031635585247,4.094516092139024,4.230510318331801e-05,0.003270880635996284
ENSG00000276850.4_AC245041.2,656.8943349072842,0.5127502600293583,0.12547145242383628,4.08658902183832,4.3776156269804126e-05,0.0033633303458611773
ENSG00000160888.7_IER2,1823.520404601201,0.4142245829889532,0.10187795566022528,4.065890214468378,4.7849458556696394e-05,0.0036533061608037694
ENSG00000185567.7_AHNAK2,874.4520240672233,-0.42351380636165564,0.10452661637087103,-4.051731712609788,5.0839942513275494e-05,0.0038575201101998346
ENSG00000110330.8_BIRC2,1979.2459604463256,0.469188357592501,0.11607955142912003,4.041955295450936,5.300733984862674e-05,0.0039871864411180884
ENSG00000205213.14_LGR4,414.9759669342805,-0.6691601290173371,0.16558871550504417,-4.04109740797496,5.3201652742489225e-05,0.0039871864411180884
ENSG00000261786.1_AC006058.1,1310.6061656761333,0.520879801927612,0.12913117559566545,4.033726166627544,5.4899290483556125e-05,0.004089327637482449
ENSG00000167565.13_SERTAD3,389.60049763019225,0.5810667803317107,0.14466873642211928,4.016533182651535,5.9060551232179504e-05,0.004364853738994092
ENSG00000111077.17_TNS2,426.35415533738353,-0.5466353961416704,0.13613038942624606,-4.015528042236532,5.931284550368527e-05,0.004364853738994092
ENSG00000132481.7_AC087289.1,563.6622137464093,0.5105667513969185,0.12733867122473094,4.009518447823722,6.0842699822072e-05,0.004450625275607375
ENSG00000155438.12_NIFK,1663.8325112451519,0.38178891419562433,0.09556999377928924,3.994861766731233,6.47320099267421e-05,0.004706941864673104
ENSG00000127666.9_TICAM1,282.5599111294932,0.6758355662408693,0.17012199503465283,3.9726524844903546,7.107670739593233e-05,0.005137710399696504
ENSG00000160201.11_U2AF1,483.02244378387786,0.5126126477963652,0.12922265979124828,3.9668944179330565,7.281522959200891e-05,0.00523241673350577
ENSG00000267121.5_AC008105.3,106.50515816615493,1.0762692253373152,0.2717421778552924,3.9606263327677014,7.475343164085103e-05,0.005315604165845707
ENSG00000272333.5_KMT2B,773.4694041125216,0.4882063462509228,0.1232738491293392,3.9603399236661754,7.484314968283084e-05,0.005315604165845707
ENSG00000171608.15_PIK3CD,277.97684138560265,0.650574462237289,0.16447678285539977,3.9554182112696314,7.640088319683221e-05,0.0053948739256214
ENSG00000245532.8_NEAT1,9973.452260469017,0.4292296335394396,0.10860504051603512,3.952207296272455,7.743361601344512e-05,0.005426563658408103
ENSG00000164171.11_ITGA2,1162.2705367922804,-0.5285532675397709,0.1337680011945252,-3.9512683363725354,7.773810086946775e-05,0.005426563658408103
ENSG00000198355.5_PIM3,662.6826667430748,0.499871736499028,0.1266457014155802,3.947009104231095,7.913354890804241e-05,0.005492587690117307
ENSG00000187607.16_ZNF286A,267.17061705492875,0.6415871983832059,0.1628722323650249,3.939205529800179,8.175187461807872e-05,0.005642264973640958
ENSG00000116815.16_CD58,471.8172392433459,-0.5121420807285968,0.1301224443010677,-3.9358473742134774,8.290365090976516e-05,0.005689612356818491
ENSG00000116285.13_ERRFI1,6028.873968901639,-0.3199792645840161,0.0814497665709544,-3.928547349552787,8.546052567591333e-05,0.005832322802552833
ENSG00000115368.10_WDR75,1578.8438830706104,0.3691880664859386,0.09423275848148412,3.917831467901693,8.934913705169074e-05,0.006063828101241411
ENSG00000254452.1_AP001107.2,61.900963974866634,1.4006857720843164,0.3577130041724002,3.915669141872333,9.015381330886138e-05,0.006084635267298622
ENSG00000169908.12_TM4SF1,4051.6764864550146,0.3034678896330547,0.07772225771046061,3.9045171688599964,9.441368977282915e-05,0.006337129858598247
ENSG00000121797.10_CCRL2,322.4828126292986,-0.5839837554808857,0.14969405301155225,-3.901182069242378,9.572411999493088e-05,0.006389977321628828
ENSG00000135365.15_PHF21A,152.98715259949287,-0.8000813969559685,0.20525733144337166,-3.8979430908985706,9.701320662967976e-05,0.0064408333271096085
ENSG00000132510.10_KDM6B,213.98488494040993,0.7465335240442634,0.19172627116177793,3.893746639522036,9.870774436338011e-05,0.00651791246023271
ENSG00000196950.14_SLC39A10,416.68469936337885,-0.6512337198238631,0.16737187271776668,-3.8909388372681692,9.985710364336681e-05,0.006558356871544994
ENSG00000057704.13_TMCC3,160.80774441716517,-0.8655958265661938,0.2225472090744262,-3.8894930660609344,0.00010045383871429845,0.006562267880929785
ENSG00000131746.13_TNS4,355.44182859240055,-0.5803542025697057,0.14939216066186603,-3.8847701244731203,0.0001024267550944135,0.006655559788475294
ENSG00000126368.6_NR1D1,136.59257089253904,-0.9091057217574565,0.23424411194173503,-3.881018456436523,0.00010401994573425813,0.006723320936982525
ENSG00000198853.12_RUSC2,1183.9197834881356,0.40703889995318626,0.10495144506966511,3.8783544112517965,0.00010516543331719171,0.006729143744936599
ENSG00000127080.10_IPPK,345.73325726550104,0.5807443893533355,0.14974403148898732,3.878247323640711,0.00010521172685681815,0.006729143744936599
ENSG00000084112.15_SSH1,1703.2839982466426,0.3645109361024439,0.09435365093078123,3.863241459197511,0.00011189230897417627,0.007119148158481965
ENSG00000166261.11_ZNF202,442.64400296873026,0.5151947208201619,0.13388326944941276,3.8480888832403832,0.00011904286533109664,0.007518241384038239
ENSG00000122884.12_P4HA1,1044.7838137078083,-0.47665522095866,0.12389139366752631,-3.8473634596266395,0.0001193957783647199,0.007518241384038239
ENSG00000270231.4_NBPF8,2201.831632678009,0.38171622466826943,0.09938577363422639,3.8407531652680547,0.00012265740174067667,0.007684014459815929
ENSG00000102554.14_KLF5,334.203515020228,-0.6314260241217328,0.16452276322749063,-3.8379249882196596,0.00012407837010255528,0.007733374332514364
ENSG00000261052.5_SULT1A3,116.97199396544981,1.2961984540388072,0.3379031001605915,3.8360063977595265,0.00012505115134253377,0.007754440938073058
ENSG00000134294.14_SLC38A2,2602.1502920193607,-0.3815730720393376,0.09978579778548953,-3.8239216452386224,0.00013134567145438037,0.008073509975510864
ENSG00000175602.3_CCDC85B,2322.3094816294447,0.5127297886940836,0.13409616078870992,3.823597824713057,0.00013151837632012625,0.008073509975510864
ENSG00000124067.17_SLC12A4,871.3433856264319,0.46480193214715365,0.12195677622075425,3.811202186140232,0.00013829259543117676,0.008446911728936276
ENSG00000123843.13_C4BPB,640.7716139733581,0.45677665252498556,0.12070657860250847,3.7841902058144576,0.00015420985825906672,0.009372276758670443
ENSG00000178996.14_SNX18,326.5523328750639,-0.6316575035801172,0.1672080802964854,-3.777673318538746,0.00015830033615661657,0.009573252012322911
ENSG00000273154.3_AL121845.3,220.4188866394737,0.8674229535656458,0.22973713936584594,3.775719311035358,0.00015954657601302874,0.009601088534853
ENSG00000064932.16_SBNO2,1480.6251567982779,0.4234796812080095,0.11265177368484237,3.759192308793536,0.0001704627766115072,0.010207712152383195
ENSG00000167470.12_MIDN,553.2322462850415,0.4632509090524624,0.12336819536496642,3.7550270366037504,0.00017332276763602574,0.010285407598487065
ENSG00000176171.11_BNIP3,3141.70061391761,-0.3002200818483518,0.07995524426100174,-3.7548516626167627,0.00017344416873676618,0.010285407598487065
ENSG00000174738.13_NR1D2,620.4423060649559,-0.5110500257055258,0.13626596669189012,-3.750386381223544,0.00017656229500761738,0.010419734279290115
ENSG00000106799.13_TGFBR1,1009.8991764316854,-0.45099611123515426,0.12030168726479619,-3.7488760256742384,0.0001776288599743863,0.010432279583880304
ENSG00000185745.10_IFIT1,600.7394193268588,-0.45106834017874736,0.12038014368506167,-3.747032744526636,0.00017893873528896398,0.010458926269330067
ENSG00000133639.5_BTG1,918.0496378226438,-0.39284475113036,0.10526518434456959,-3.7319532908852593,0.00019000073797619915,0.010988220377108681
ENSG00000185864.16_NPIPB4,263.738365561049,0.6722149670398295,0.1801339600545687,3.7317503420021008,0.00019015390961254336,0.010988220377108681
ENSG00000129474.16_AJUBA,2379.5988821312358,0.3460597434823291,0.09275204683660271,3.7310200182640463,0.0001907060677272271,0.010988220377108681
ENSG00000139174.12_PRICKLE1,245.28734336402377,-0.6473713915713296,0.1735648990610103,-3.729852032718725,0.0001915922511725728,0.010988220377108681
ENSG00000204859.13_ZBTB48,224.20319729581524,0.7193674541043251,0.19308221506533108,3.7257054144573636,0.00019476976534701628,0.011067526114552261
ENSG00000197753.10_LHFPL5,156.08101552559228,0.8414097050411954,0.22586744123954988,3.725236804488414,0.00019513195477263956,0.011067526114552261
ENSG00000134697.13_GNL2,2528.1329250667177,0.335999749103753,0.09021308070886278,3.724512525939528,0.0001956929961315724,0.011067526114552261
ENSG00000163734.4_CXCL3,49.41140214699324,1.405840763036062,0.3778394758900779,3.7207355312049324,0.00019864338030374675,0.011182615363090185
ENSG00000139687.15_RB1,665.6203389555665,-0.4518989806987822,0.12151418840964405,-3.718898892492763,0.00020009311823055914,0.01121255748763537
ENSG00000179094.16_AC129492.1,119.07754272459283,-0.8545373194253426,0.2300238368670796,-3.7149946330090176,0.00020320800742474712,0.01133510967443247
ENSG00000122786.20_CALD1,1826.1527023508847,0.4119889908308836,0.11096144168006047,3.712902289236542,0.0002048960076573422,0.0113773164979186
ENSG00000285608.1_AL161665.1,377.7905366738264,-0.7580428270748905,0.20432513902200194,-3.709983170466673,0.00020727302544874167,0.011457227506252617
ENSG00000168502.17_MTCL1,927.2620583807204,0.38796703466425914,0.10462193514673651,3.7082762244850436,0.00020867495524996347,0.011482762402403394
ENSG00000198042.11_MAK16,540.453161091754,0.4866450138204389,0.1313767557452711,3.704194178489262,0.0002120637740255617,0.01157526278608842
ENSG00000075426.12_FOSL2,1884.9445135354758,0.3917324167086075,0.1057601375217284,3.703970379464816,0.000212251053052047,0.01157526278608842
ENSG00000143786.8_CNIH3,180.98909253033653,-0.7048564264944338,0.19042431938383902,-3.7015042447054887,0.00021432507023821357,0.01163642248013341
ENSG00000120458.11_MSANTD2,474.3192302231265,0.5812720975196387,0.15724490294957905,3.696603747506048,0.00021850298830929145,0.011810763297284532
ENSG00000177606.6_JUN,3298.38892732512,0.3476625937845181,0.09415311758716362,3.6925234415383468,0.00022203986696401942,0.011949070549922737
ENSG00000113460.12_BRIX1,2555.185024442906,0.31604824232635687,0.08562195467648723,3.691205643698617,0.00022319359097384037,0.01195847766375629
ENSG00000125633.11_CCDC93,758.4013638820688,0.42239221086543566,0.11449833317497843,3.6890686453917914,0.00022507648964991482,0.012006700426040871
ENSG00000071575.11_TRIB2,374.8017029437136,-0.5213223935483184,0.14152053035240833,-3.6837227238347956,0.00022985226477357056,0.012208153332495383
ENSG00000048052.21_HDAC9,384.25835248310045,0.6065571675699879,0.16484418222127428,3.6795788568127423,0.00023361944229543513,0.012324290348978275
ENSG00000109099.15_PMP22,889.0227323596662,-0.3954808258832063,0.10749384481891314,-3.6791020597453126,0.0002340565947088212,0.012324290348978275
ENSG00000038274.17_MAT2B,892.8282170449122,-0.4288272527571197,0.11676831892024599,-3.672462331585105,0.00024022456954468803,0.012594778289948106
ENSG00000255182.2_AC084125.2,80.40887568398597,1.2285688312882723,0.33508382797505654,3.666452179183432,0.000245938885050885,0.01283927102470774
ENSG00000172059.11_KLF11,231.92374773540513,-0.6890055480412942,0.1879867047267479,-3.665182327882246,0.0002471624350905213,0.012848239604535357
ENSG00000187678.9_SPRY4,1302.55142421978,0.36464675380540645,0.09975223691940759,3.6555245783612254,0.00025665661586197634,0.013285242454957217
ENSG00000154447.15_SH3RF1,645.5701388644286,0.4795861256011525,0.13127295081249343,3.6533506913101976,0.0002588403274197888,0.013341744471561771
ENSG00000127191.18_TRAF2,804.4993455130502,0.45004349608490857,0.12329521091954423,3.65012957704077,0.00026210805103829375,0.013453411560856289
ENSG00000108854.16_SMURF2,4737.352441303248,0.3106784990433119,0.085249208331129,3.6443564125142345,0.000268061737817336,0.013701431753876888
ENSG00000134824.14_FADS2,1135.6850804810576,-0.3655600281676152,0.10034670645131621,-3.6429698701169504,0.00026951039570091885,0.01371807914117677
ENSG00000134531.10_EMP1,2350.1436090369616,-0.37890661808307063,0.10414286877437216,-3.6383347467024385,0.0002744066138760001,0.013909341058544468
ENSG00000265190.6_ANXA8,1332.3841513426762,0.37059396820134016,0.10194596587234298,3.6351999319462913,0.00027776513479921456,0.014021400358294236
ENSG00000239306.4_RBM14,1012.8590428019919,0.37399517775882113,0.10306764371235426,3.6286380893947996,0.00028492033496085563,0.01432340251803215
ENSG00000178209.15_PLEC,23405.592996076088,0.36068722892396815,0.09973229659498117,3.6165539272472644,0.0002985511419370686,0.014936564742323676
ENSG00000179431.6_FJX1,1115.72501140743,0.4006460138187871,0.1108321291640784,3.6148905271472467,0.0003004745631203878,0.014936564742323676
ENSG00000101096.20_NFATC2,247.36373331748192,0.6321851783785317,0.1748965925103694,3.6146226138799715,0.0003007854393100544,0.014936564742323676
ENSG00000033170.16_FUT8,1515.2232147254388,-0.35904583869369555,0.09939439048926121,-3.6123350314471487,0.00030345215465749786,0.015007981867595117
ENSG00000167378.8_IRGQ,401.6982143189538,0.49322442276577,0.13659020912798345,3.61097933676655,0.0003050429673981456,0.0150258261682893
ENSG00000070444.15_MNT,188.16832331587142,-0.6662914823775696,0.18464746774544896,-3.6084517730625194,0.0003080297591268273,0.01511201420680049
ENSG00000049759.18_NEDD4L,1861.383536198095,0.3587883382541481,0.09950475866279253,3.6057405000099614,0.00031126406592076847,0.01520960731715243
ENSG00000100354.21_TNRC6B,166.80910319139716,-0.713592588173995,0.19798082594347782,-3.604352011228203,0.0003129326936769396,0.015230222254810733
ENSG00000105516.10_DBP,38.84934115872766,-1.3957094019729974,0.3882270953067851,-3.595084987229134,0.0003242856975775334,0.01572013524447281
ENSG00000118523.6_CCN2,5989.088312761479,-0.30765469937084694,0.08560825017135967,-3.593750587764883,0.00032595186585628044,0.015738450566404435
ENSG00000213398.7_LCAT,212.3180813051261,0.7206762580882878,0.20139900643166944,3.578350612830846,0.00034576940862300826,0.016629602739128616
ENSG00000134970.14_TMED7,829.3156892381201,-0.5513719645704158,0.1542205534832492,-3.5752171297342907,0.0003499373511550735,0.016764057575334813
ENSG00000213588.6_ZBTB9,401.84177376359355,0.4982102398814589,0.13970900767848618,3.5660566785213694,0.00036239302802763254,0.01729294230619359
ENSG00000221869.4_CEBPD,141.7383934010915,0.7960574922500449,0.22358922676610857,3.560357105589805,0.00037035080215012045,0.01760391205862207
ENSG00000163516.13_ANKZF1,315.0861975504839,-0.5425598019147181,0.15272513743198174,-3.5525245616908,0.00038155339603454096,0.018066109635495937
ENSG00000171793.15_CTPS1,2066.920314059856,0.3016490532743136,0.08496366478519447,3.5503300621147185,0.0003847484446941251,0.018147054055534486
ENSG00000162139.10_NEU3,189.72857545244852,0.6718651461283961,0.18941529944114532,3.547047931770456,0.00038957370671509524,0.018303970773967705
ENSG00000165322.17_ARHGAP12,388.1546970369235,-0.5364229618006352,0.15152519190467972,-3.5401569538224638,0.0003998891350247289,0.018650446756822796
ENSG00000125266.7_EFNB2,973.7755061109617,-0.4369935567871991,0.1234551716355376,-3.5396942144901353,0.0004005908949487413,0.018650446756822796
ENSG00000097007.18_ABL1,1943.8552942701413,0.3095046551761254,0.08745348604427836,3.539077390458979,0.00040152811861856545,0.018650446756822796
ENSG00000136859.10_ANGPTL2,255.52763874617418,-0.5917853518838705,0.1673152423321833,-3.5369482399514762,0.00040477898597282265,0.01872067608322962
ENSG00000116560.11_SFPQ,6377.167018133551,0.26791652946363387,0.07576644239303368,3.536084327067036,0.00040610503946102237,0.01872067608322962
ENSG00000197451.12_HNRNPAB,7748.206081306211,0.27941434822139577,0.07917943996264339,3.5288750255523738,0.0004173301639191637,0.019143476399531668
ENSG00000002587.10_HS3ST1,205.94240128228307,-0.6281267096357758,0.178030838485018,-3.5281904808229902,0.00041841095274025504,0.019143476399531668
ENSG00000164237.9_CMBL,759.7638948953261,-0.3938599022388852,0.11196589497542915,-3.51767743494854,0.00043534119642591184,0.019843761401264697
ENSG00000155287.11_SLC25A28,596.1461500658149,0.43503568423520994,0.12372314481126767,3.5162029295232604,0.0004377662496256915,0.019880120838020248
ENSG00000184584.13_TMEM173,269.0876543243872,-0.5627023101204874,0.16008187365403007,-3.5150907299886005,0.0004396037714209907,0.01988962841362527
ENSG00000204388.7_HSPA1B,2764.3612592657983,0.3283796454522381,0.09358682863620556,3.508823305988159,0.0004500938178994538,0.020289099924205637
ENSG00000185262.9_UBALD2,389.0103779092115,-0.4815383014326287,0.13739526657789913,-3.5047663098321546,0.0004570082414437554,0.020525046608371015
ENSG00000106346.11_USP42,218.8318725829422,0.6163664115389925,0.175927434917359,3.5035263933025993,0.00045914115280928697,0.020545305211422157
ENSG00000188994.13_ZNF292,219.78907160492136,-0.6517144393701837,0.18607813271779133,-3.50236983707582,0.0004611390368187224,0.02055939588969895
ENSG00000055483.19_USP36,945.1666296659272,0.36547027709840063,0.10449186912094648,3.497595364816173,0.0004694728319835137,0.02085483678367492
ENSG00000108106.14_UBE2S,4290.090495022776,0.34214442966008934,0.09793475821279267,3.4935954905476754,0.0004765625150356843,0.021084885835245513
ENSG00000178695.5_KCTD12,392.86084671207107,-0.5483383635536428,0.15699405065184502,-3.492733395163205,0.00047810358352676875,0.021084885835245513
ENSG00000088876.11_ZNF343,161.1474002424083,0.712282812212312,0.20408876210382015,3.490063856872105,0.000482905142248494,0.021220033157221593
ENSG00000132275.11_RRP8,401.03576546141585,0.4792551050229396,0.13737713373863827,3.488608999040033,0.00048554081574077686,0.021259378512864982
ENSG00000182325.11_FBXL6,735.5494314385329,0.5223959571432181,0.14987497716259326,3.48554486568156,0.0004911358546789374,0.021427555716992498
ENSG00000160072.19_ATAD3B,1282.7373189323962,0.4178310169777944,0.12001795744811418,3.4814041653594203,0.0004987922360334608,0.021684149307419062
ENSG00000110925.6_CSRNP2,262.2916162869415,0.6077936146424485,0.1746805734106113,3.4794574048812166,0.000502430232664806,0.021764850078841387
ENSG00000109220.11_CHIC2,467.7954996591642,0.4512973593731575,0.12976789852390444,3.4777272692754932,0.0005056841603243345,0.021806072300196773
ENSG00000171681.12_ATF7IP,722.7162429387889,-0.39125667975205736,0.11255233240209411,-3.4762200960375456,0.0005085347556239612,0.021806072300196773
ENSG00000008282.8_SYPL1,1291.7475091761858,-0.45749655443980214,0.13161151262720513,-3.4761134896738057,0.0005087369519937852,0.021806072300196773
ENSG00000184867.14_ARMCX2,363.25424924996315,-0.4959712961104501,0.14290003613406815,-3.4707569677948307,0.0005189934952822114,0.022156945161217745
ENSG00000048162.20_NOP16,1850.150437861681,0.35618279515825974,0.10264774303302426,3.4699525253435635,0.0005205503651988779,0.022156945161217745
ENSG00000186594.14_MIR22HG,747.4660046902096,0.42377738693212275,0.12261887533443276,3.4560534483480234,0.0005481466180357259,0.023250552381682037
ENSG00000187764.11_SEMA4D,331.08979139962986,-0.502032185030617,0.14546523219216684,-3.4512177065610246,0.0005580632144605085,0.02358927414480821
ENSG00000131591.17_C1orf159,433.5997947761308,0.5369112734857359,0.155660567168689,3.4492439752187614,0.0005621585354590314,0.023680443686784576
ENSG00000249992.1_TMEM158,1084.400767865547,0.381251303248142,0.11074341070888209,3.4426545182932853,0.0005760346839616964,0.024181579722598226
ENSG00000163545.8_NUAK2,228.25310647725163,0.6671343669282978,0.1941239026360074,3.436642051129634,0.0005889734154425554,0.024612657854703655
ENSG00000153922.10_CHD1,1067.8727884118223,0.3693016141877148,0.10747955313004544,3.43601739524239,0.0005903330674057114,0.024612657854703655
ENSG00000019144.19_PHLDB1,1183.847049066951,0.3592189383623258,0.10464615507605882,3.4327007819947006,0.0005976012178893803,0.024830940400464862
ENSG00000161547.16_SRSF2,4525.660785376813,0.26697360373384543,0.077818160704042,3.4307364928502917,0.000601945018479752,0.024926645239825934
ENSG00000112941.14_TENT4A,986.1624207292427,0.3536074097897327,0.10313288616467198,3.42865814135298,0.0006065730381059971,0.02503343322129345
ENSG00000104783.13_KCNN4,760.2393872959371,-0.40777728469620106,0.11907810370001055,-3.4244522882519237,0.0006160400059808547,0.025338534387414548
ENSG00000006327.13_TNFRSF12A,5739.452863998905,0.3523741417945171,0.10294633733320122,3.422891488154702,0.0006195880589307074,0.02539895210703866
ENSG00000106541.12_AGR2,116.62600734421976,-0.7853172353646894,0.22979876843413463,-3.4174127246890738,0.0006321936004526379,0.025829020144245565
ENSG00000174996.11_KLC2,1441.8837058585661,0.35394987545300766,0.10362533947744476,3.4156691523316933,0.0006362549908340913,0.025908303226764195
ENSG00000130844.17_ZNF331,664.8701649367459,0.4854325518528262,0.14230627604591745,3.4111816101223353,0.0006468199375431582,0.026251004508396084
ENSG00000120256.10_LRP11,610.6322337328345,-0.4442181559486891,0.13036868971467866,-3.407399099591265,0.0006558515222740997,0.026529411245365567
ENSG00000175376.9_EIF1AD,1122.598596140157,0.3356350225170164,0.09856128787227574,3.405343312396256,0.0006608092238177571,0.026601510970347807
ENSG00000130164.13_LDLR,1780.2265287957405,-0.3701549018773491,0.1087138149167303,-3.4048561552261822,0.0006619891400610456,0.026601510970347807
ENSG00000149930.18_TAOK2,796.4963120785833,0.4389125147472922,0.12895844697606434,3.403518924423444,0.0006652380489797774,0.02664441969290807
ENSG00000129226.14_CD68,950.3756734990395,-0.3541756589472939,0.10425557530804606,-3.397186749013699,0.0006808248693535504,0.02717959674517311
ENSG00000031003.10_FAM13B,745.3862030889155,-0.4385615251567017,0.12929455208706572,-3.391956722672882,0.0006939540016335786,0.02759282969050667
ENSG00000197050.11_ZNF420,97.39427735944572,0.8898494819999415,0.2623941166651122,3.39127070876988,0.0006956934794266579,0.02759282969050667
ENSG00000178951.9_ZBTB7A,612.9670694663295,0.4006739694216699,0.11819300031203388,3.3899974479357984,0.0006989327433001998,0.02763159350212052
ENSG00000170522.9_ELOVL6,1882.1198389566075,-0.32122467587477305,0.09480984321717849,-3.388094157470041,0.0007038009906975682,0.027734299685037076
ENSG00000146678.10_IGFBP1,257.1837600971747,-0.6097951022131206,0.18013417805930168,-3.3852271056099688,0.0007111938654929371,0.02793551209280296
ENSG00000178104.19_PDE4DIP,992.543868381453,0.346860051259429,0.10251951654197028,3.3833562911646053,0.000716056712980919,0.028036374377483672
ENSG00000108256.9_NUFIP2,1449.8964305565607,0.3472831111532718,0.10287609708281739,3.3757415084837614,0.0007361704933167412,0.028681866465823387
ENSG00000179348.11_GATA2,127.06586813886834,0.8054615721325062,0.23863105799396198,3.3753425849240744,0.0007372385453723431,0.028681866465823387
ENSG00000285053.1_TBCE,88.32074853311845,0.9857613054595318,0.2922057479324489,3.3735178463615183,0.0007421423553557487,0.02878098734293913
ENSG00000152952.12_PLOD2,1208.560096339694,-0.37268453229680504,0.11060131557586327,-3.3696211510357177,0.0007527159400918837,0.029098664316969787
ENSG00000168906.13_MAT2A,3983.914643641201,0.2689890260357412,0.07997509241016258,3.3634100059077925,0.0007698593227110632,0.029643167591238882
ENSG00000183054.11_RGPD6,245.49371525414955,0.7794496105310829,0.23178815880276477,3.362767168767836,0.0007716541661766507,0.029643167591238882
ENSG00000008128.23_CDK11A,739.9101697907529,0.4405740611489545,0.13132227626156365,3.354907283753083,0.0007939158862124069,0.030388209849264918
ENSG00000128944.13_KNSTRN,1040.3563234419112,0.3438443249261434,0.10253445710900172,3.3534514603282237,0.0007981041105985513,0.030388209849264918
ENSG00000148344.11_PTGES,444.014699365274,-0.443810147251824,0.13234986103388738,-3.3533102625486637,0.000798511408121647,0.030388209849264918
ENSG00000163659.13_TIPARP,1421.9433947367058,0.35221159020440684,0.10511346783858976,3.3507750952071746,0.0008058572267284615,0.030572521371785358
ENSG00000059804.16_SLC2A3,192.66739883909003,-0.623991231248348,0.18647554571340008,-3.34623625237906,0.0008191656832874604,0.03094162087166078
ENSG00000132207.17_SLX1A,279.882690797824,0.7094776859205453,0.21205444688364283,3.3457335903445844,0.0008206520270479775,0.03094162087166078
ENSG00000117984.14_CTSD,13015.031584285243,-0.265850147104687,0.07960055954120307,-3.339802491803803,0.0008383799186839766,0.03151276642044141
ENSG00000166068.13_SPRED1,573.7393495122537,-0.48099773732806445,0.14409281455046505,-3.338110500712071,0.000843501974531605,0.031584820205440414
ENSG00000214517.10_PPME1,1804.5218096823723,0.29646342457356556,0.0888289609566668,3.337463608498005,0.0008454679278961211,0.031584820205440414
ENSG00000268173.3_AC007192.1,421.4728569360217,-0.4686927403110258,0.140646151053144,-3.332424931656519,0.0008609269302077883,0.03206427859578763
ENSG00000204172.12_AGAP9,418.6155805390546,0.5196659011055997,0.15610847797776747,3.3288768671462483,0.0008719694555575682,0.03237683546836247
ENSG00000283154.2_IQCJ-SCHIP1,356.372939373587,0.47859918628798764,0.14386657414526055,3.3266878643037066,0.000878847568398721,0.03253333907745083
ENSG00000169032.9_MAP2K1,1002.7372178350809,-0.34739311162009656,0.10453546983547973,-3.3232080189320583,0.0008898852768546065,0.03284241251376396
ENSG00000182287.14_AP1S2,1443.9554564393263,-0.3462261361026237,0.1042706371215876,-3.3204567044018085,0.0008987029743434522,0.032969037157869016
ENSG00000212724.3_KRTAP2-3,221.18060484127074,0.7176354485695385,0.21612574652144992,3.3204533014687128,0.000898713930383954,0.032969037157869016
ENSG00000165244.7_ZNF367,422.8424772815104,-0.4895602637595962,0.14754798344752598,-3.317973260771155,0.0009067316421166492,0.033163574072146665
ENSG00000215041.10_NEURL4,568.7072186906148,0.4955687174627501,0.14944553917072845,3.316048911280023,0.0009129984817461297,0.033293102844808124
ENSG00000143398.20_PIP5K1A,1186.5253087154256,0.35298401137140384,0.10649086134099277,3.314688292745789,0.0009174536713258854,0.0333559941932054
ENSG00000130766.5_SESN2,166.21825046002655,-0.6533875401159356,0.19753894709162678,-3.3076390743991726,0.0009408598216968144,0.034105470569282745
ENSG00000109065.11_NAT9,740.1481208903755,0.43016810705909564,0.1303365423436003,3.3004412985351648,0.0009653290570007571,0.03488893420213387
ENSG00000165424.6_ZCCHC24,249.2859956498436,-0.5702480610530634,0.17286439822992655,-3.2988172630814225,0.0009709309377541331,0.034918610706259325
ENSG00000101255.11_TRIB3,391.8664721267163,-0.473560242717538,0.1435699413348002,-3.2984637195972084,0.0009721544194478247,0.034918610706259325
ENSG00000149658.18_YTHDF1,1517.9701842706545,0.2977286002505694,0.09028310741104985,3.2977221186577155,0.0009747254625764924,0.034918610706259325
ENSG00000175063.17_UBE2C,5891.612567567502,0.2861737615777822,0.08694986970400688,3.2912500335189643,0.000997432166454593,0.03562757703336055
ENSG00000144233.9_AMMECR1L,562.5953675214428,0.4080121097023364,0.1240063347549821,3.2902521512994243,0.0010009764035532206,0.03564993511896835
ENSG00000018408.14_WWTR1,711.4152755449825,-0.4361812899200445,0.13276784705221012,-3.285293085670953,0.001018763387023155,0.03617794632521762
ENSG00000083635.8_NUFIP1,273.9756317666974,0.5285282908265193,0.16102232363431115,3.282329300046809,0.001029532982283538,0.03639346971383915
ENSG00000213639.10_PPP1CB,1790.7449288251023,-0.3627005794599961,0.11051256395483773,-3.281985020347714,0.0010307908088562825,0.03639346971383915
ENSG00000163661.4_PTX3,852.1415310788065,0.3919084632237111,0.11949898549507026,3.2795965723062865,0.0010395562418935467,0.03650175649016213
ENSG00000150630.4_VEGFC,1128.429923715208,0.32062579878196246,0.09776603901692665,3.279521212130228,0.0010398339275193534,0.03650175649016213
ENSG00000255302.4_EID1,1874.1460989671868,-0.3332287855775606,0.10185164925387002,-3.271707311748798,0.0010690018199525921,0.037418126740804775
ENSG00000185697.16_MYBL1,1067.9459236237121,0.43552434814963814,0.13327242759828178,3.267925376600952,0.001083389266551062,0.03781338080053649
ENSG00000125304.9_TM9SF2,1238.5762478907668,-0.3903963222635072,0.11953473360793813,-3.265965552271758,0.0010909151934714336,0.03789387620329572
ENSG00000140044.13_JDP2,107.57033731767733,-0.7764866606153289,0.23776961962994841,-3.2657101518007647,0.0010918995107694904,0.03789387620329572
ENSG00000153132.13_CLGN,398.47039977215144,-0.48325985127807375,0.14803209863697278,-3.2645612385945997,0.0010963376063499028,0.037940113878669725
ENSG00000188613.7_NANOS1,134.15752127990305,-0.71671225606234,0.21961785843819154,-3.263451620734426,0.001100639740102193,0.03798139848895025
ENSG00000175573.7_C11orf68,1438.187370325898,0.3410107820632315,0.10494766800083763,3.249341205566471,0.001156726399801501,0.039804421690070806
ENSG00000177427.13_MIEF2,381.5571104255602,-0.46316987865525894,0.1426673865649199,-3.246501459143898,0.0011683284915457444,0.04007648752652439
ENSG00000166016.6_ABTB2,438.9421619123365,0.43877173991322377,0.13520894044333392,3.2451385128420043,0.0011739350649334539,0.04007648752652439
ENSG00000173442.13_EHBP1L1,1595.4170395957563,-0.29949873662120524,0.09229523272097635,-3.245007654150882,0.0011744746671984063,0.04007648752652439
ENSG00000160271.16_RALGDS,811.8699344298781,-0.3858598508329681,0.11893968597333716,-3.2441640288126092,0.0011779589031204322,0.04008341493180835
ENSG00000028277.21_POU2F2,136.14183164860893,0.7017663012429961,0.21643428138467308,3.242399017167398,0.0011852794492382222,0.04022048264415033
ENSG00000198189.11_HSD17B11,1129.3321865732553,-0.37224947123724633,0.11505241745863934,-3.2354771803996885,0.0012143959203658931,0.04109435059055332
ENSG00000184371.14_CSF1,2566.445916018024,0.2757872054675277,0.08543203853829569,3.228147310846429,0.0012459479397603954,0.04204558019920716
ENSG00000168497.5_CAVIN2,485.21551329257244,-0.4247226318473346,0.1316498977442584,-3.2261523869345954,0.0012546653597731892,0.04222311855368947
ENSG00000227671.4_AL390728.4,648.110644606115,0.3834059458170615,0.11889534061825269,3.2247348283234696,0.0012608939971214316,0.04231615678251486
ENSG00000177425.11_PAWR,1551.4967766195164,0.3501570208467477,0.10917529882655437,3.207291618253671,0.0013399109407198236,0.044844800142009214
ENSG00000132470.14_ITGB4,2059.9784669146607,-0.290522160700652,0.09061091783126848,-3.20625999221914,0.0013447242990460965,0.04488292906324348
ENSG00000101187.16_SLCO4A1,209.53215910450908,-0.5655843934675931,0.17672365909905552,-3.200388653963853,0.001372423857128764,0.04568264261222065
ENSG00000164176.13_EDIL3,881.708430394966,-0.519942700396066,0.16262250005084852,-3.1972371611154125,0.0013875079690459549,0.04605923192898203
ENSG00000134324.11_LPIN1,368.2051961446738,-0.4518032908614938,0.14148298092017092,-3.1933402019315325,0.001406371517892849,0.04655890098259904
ENSG00000257411.1_AC034102.2,96.7924412243178,-0.9901231331394044,0.31015226627628883,-3.192377553860548,0.0014110675738088143,0.046588112112563446
ENSG00000168672.4_FAM84B,299.44841656016854,-0.5487414024367998,0.1720650264514817,-3.1891512979340524,0.0014269117405924891,0.046984242110721955
ENSG00000273760.1_AC245041.1,172.8978503539548,0.6505971574293883,0.20408873924526394,3.1878150643457706,0.0014335218949878897,0.04707500932573134
ENSG00000224126.2_UBE2SP2,57.85326237936788,1.2687928329857598,0.39854802586343374,3.18353811999692,0.0014548695530625928,0.04764795297644137
ENSG00000137200.13_CMTR1,2093.4567351152496,0.2768345050269544,0.0869854249999003,3.1825389716411885,0.0014598986735074799,0.0476848187047256
ENSG00000185730.7_ZNF696,108.95031521256415,0.7810407131891586,0.24584001610299594,3.177028400705675,0.0014879246425064437,0.04821080827122008
ENSG00000263002.8_ZNF234,98.93055836396783,0.8344231946898293,0.26264574235538435,3.1769911334057586,0.0014881158548699426,0.04821080827122008
ENSG00000279753.1_AC011558.1,333.98913870282854,0.5832469908634209,0.18362540696283886,3.176286988333022,0.0014917329649182425,0.04821080827122008
ENSG00000283293.1_RN7SK,184.68295607858812,0.6191013223246707,0.19491419408266372,3.1762762339519917,0.0014917882716536665,0.04821080827122008
ENSG00000110400.11_NECTIN1,320.5195313087513,-0.5153890938391152,0.1623182436927178,-3.175176629034938,0.0014974532107819077,0.04826619636652185
ENSG00000134070.5_IRAK2,218.12258629617062,0.5925041668069504,0.1866545309121809,3.174335838039301,0.0015017981573174403,0.04827885865734171
ENSG00000165271.17_NOL6,1739.3465713363628,0.307718323186346,0.09704214300458607,3.1709761724017542,0.0015192760460783932,0.0486278896635754
ENSG00000103326.12_CAPN15,979.3045827397973,0.3891179626547639,0.12272227461613404,3.17071993549578,0.0015206167199972006,0.0486278896635754
ENSG00000197961.11_ZNF121,884.8681852523817,0.3431638454308095,0.10825504218040531,3.169957154133591,0.001524614171614535,0.04862842485755394
ENSG00000133872.13_SARAF,762.123812258615,-0.43981622962658046,0.13882475363202867,-3.1681398174302915,0.00153417718703277,0.04880601176247999
ENSG00000140937.14_CDH11,1180.8720303936548,-0.3599808098213304,0.11380661325216725,-3.163092192399243,0.0015610288834349878,0.04953124374036834
ENSG00000129657.16_SEC14L1,2287.331989920124,0.2787779418590848,0.08820878650164744,3.1604327971780695,0.0015753494149422776,0.04985613588843228
