gene_id,baseMean,log2FoldChange,lfcSE,stat,pvalue,padj
ENSG00000023445.14_BIRC3,2065.482494,1.821876381,0.110486322,16.48961021,4.36E-61,5.36E-57
ENSG00000146232.16_NFKBIE,1191.861716,1.142771717,0.074727532,15.29251247,8.58E-53,5.27E-49
ENSG00000056558.11_TRAF1,633.4970641,1.48833746,0.099494435,14.95900205,1.36E-50,5.58E-47
ENSG00000095752.7_IL11,432.920555,1.509991922,0.10528637,14.34176073,1.20E-46,3.69E-43
ENSG00000124225.16_PMEPA1,2042.483785,0.748142693,0.052366481,14.28667107,2.65E-46,6.52E-43
ENSG00000169429.11_CXCL8,437.3301569,1.863334122,0.139727514,13.33548467,1.44E-40,2.95E-37
ENSG00000104856.14_RELB,513.8137385,1.29866631,0.109868848,11.82015039,3.07E-32,5.39E-29
ENSG00000122861.16_PLAU,8355.476286,0.559869921,0.048076336,11.64543664,2.42E-31,3.72E-28
ENSG00000077150.19_NFKB2,1889.780468,0.899597973,0.0786385,11.43966346,2.65E-30,3.62E-27
ENSG00000128342.5_LIF,1012.879358,0.841233696,0.077632243,10.83613803,2.32E-27,2.85E-24
ENSG00000164400.6_CSF2,356.2836065,1.621994142,0.151021382,10.74016222,6.59E-27,7.37E-24
ENSG00000114812.13_VIPR1,552.9281303,0.956633825,0.092094673,10.38750449,2.83E-25,2.90E-22
ENSG00000100906.10_NFKBIA,1144.429964,0.715484966,0.072516893,9.866459216,5.82E-23,5.50E-20
ENSG00000013441.16_CLK1,838.8343307,1.001622225,0.101677429,9.850979065,6.79E-23,5.96E-20
ENSG00000118707.10_TGIF2,570.1350019,0.869316193,0.090212743,9.636290472,5.62E-22,4.61E-19
ENSG00000124496.12_TRERF1,1208.112661,-0.931849883,0.099011757,-9.411507408,4.89E-21,3.76E-18
ENSG00000040633.13_PHF23,898.7393322,0.735543441,0.079528327,9.248823268,2.27E-20,1.64E-17
ENSG00000174136.12_RGMB,1746.210721,0.593220011,0.06582334,9.01230488,2.02E-19,1.38E-16
ENSG00000146112.12_PPP1R18,3975.268222,0.487118271,0.054403344,8.953829513,3.43E-19,2.22E-16
ENSG00000197622.13_CDC42SE1,1420.496085,0.473895335,0.055062778,8.606455233,7.54E-18,4.63E-15
ENSG00000023608.5_SNAPC1,1747.517829,0.634649657,0.075210012,8.438366688,3.22E-17,1.88E-14
ENSG00000134954.14_ETS1,3341.795701,0.624228432,0.074745168,8.351421869,6.74E-17,3.77E-14
ENSG00000163739.4_CXCL1,70.69850736,2.186126977,0.262349617,8.332876561,7.89E-17,4.22E-14
ENSG00000114268.12_PFKFB4,329.053807,-1.135856177,0.136752504,-8.305925988,9.90E-17,5.07E-14
ENSG00000069399.15_BCL3,302.2379884,1.254631613,0.151827994,8.26350649,1.41E-16,6.96E-14
ENSG00000103257.9_SLC7A5,7498.697174,0.478798343,0.058183612,8.229092841,1.89E-16,8.92E-14
ENSG00000106366.8_SERPINE1,19531.67059,0.364048731,0.044428368,8.194060353,2.53E-16,1.15E-13
ENSG00000171223.6_JUNB,800.3910433,0.971321074,0.118888453,8.170020326,3.08E-16,1.35E-13
ENSG00000129521.13_EGLN3,226.3029734,-1.194401877,0.146923145,-8.129433115,4.31E-16,1.83E-13
ENSG00000148677.6_ANKRD1,5625.335292,0.50125759,0.06182408,8.107805034,5.15E-16,2.11E-13
ENSG00000148426.13_PROSER2,771.5080821,0.646766137,0.080203398,8.064073987,7.38E-16,2.84E-13
ENSG00000164442.10_CITED2,944.8792792,-0.858783673,0.106490875,-8.064387436,7.36E-16,2.84E-13
ENSG00000184635.15_ZNF93,195.3233761,-1.117017311,0.142682531,-7.828690055,4.93E-15,1.84E-12
ENSG00000140465.14_CYP1A1,179.6674473,1.153836766,0.149581157,7.713784201,1.22E-14,4.42E-12
ENSG00000118503.15_TNFAIP3,243.9451109,0.970269884,0.128631989,7.542990615,4.59E-14,1.61E-11
ENSG00000166483.11_WEE1,647.4748732,-0.727629374,0.096627199,-7.530274931,5.06E-14,1.73E-11
ENSG00000183864.5_TOB2,490.4867189,0.824650908,0.110893595,7.43641602,1.03E-13,3.44E-11
ENSG00000177426.20_TGIF1,917.7498392,0.641194135,0.08633458,7.426851842,1.11E-13,3.60E-11
ENSG00000137193.14_PIM1,589.7907001,-0.693379287,0.093688873,-7.400871238,1.35E-13,4.27E-11
ENSG00000177706.9_FAM20C,1232.438733,-0.54744004,0.076110436,-7.192706691,6.35E-13,1.95E-10
ENSG00000115548.17_KDM3A,902.9174841,-0.549115129,0.076526846,-7.175457491,7.21E-13,2.16E-10
ENSG00000139718.10_SETD1B,416.3211386,0.723685942,0.101176222,7.152727486,8.51E-13,2.49E-10
ENSG00000142627.13_EPHA2,5093.865955,0.416648351,0.058759536,7.090735833,1.33E-12,3.81E-10
ENSG00000148840.11_PPRC1,1478.131278,0.410771403,0.058186164,7.059606194,1.67E-12,4.67E-10
ENSG00000034152.18_MAP2K3,1630.933267,0.486656422,0.069908898,6.961294453,3.37E-12,9.21E-10
ENSG00000115963.13_RND3,1957.528093,-0.445366436,0.064566923,-6.897749091,5.28E-12,1.41E-09
ENSG00000149798.5_CDC42EP2,995.6292665,0.708384235,0.102921268,6.882777971,5.87E-12,1.54E-09
ENSG00000164430.16_CGAS,925.2629186,0.579464199,0.084967165,6.819860337,9.11E-12,2.33E-09
ENSG00000185650.9_ZFP36L1,2831.851511,0.52552956,0.077535236,6.777944958,1.22E-11,3.06E-09
ENSG00000128965.13_CHAC1,151.8199739,-1.334709717,0.199485448,-6.690762326,2.22E-11,5.35E-09
ENSG00000164056.11_SPRY1,186.2045984,-1.115171078,0.166604984,-6.693503711,2.18E-11,5.35E-09
ENSG00000134363.12_FST,1055.115098,0.528190992,0.079108951,6.676753812,2.44E-11,5.78E-09
ENSG00000142910.16_TINAGL1,3539.527584,0.457657214,0.068923992,6.640027641,3.14E-11,7.28E-09
ENSG00000113645.14_WWC1,1424.800109,0.464684216,0.07055349,6.586268341,4.51E-11,1.03E-08
ENSG00000168297.15_PXK,1334.094624,0.428766753,0.065257062,6.570426893,5.02E-11,1.12E-08
ENSG00000178038.17_ALS2CL,727.1826864,0.804065024,0.122715414,6.552274086,5.67E-11,1.24E-08
ENSG00000090339.9_ICAM1,1019.682297,0.54923864,0.084121989,6.529073381,6.62E-11,1.43E-08
ENSG00000143847.15_PPFIA4,157.0075231,-1.236808366,0.189686306,-6.520282855,7.02E-11,1.49E-08
ENSG00000138623.10_SEMA7A,1289.90524,0.489439384,0.075142354,6.513495489,7.34E-11,1.53E-08
ENSG00000179041.4_RRS1,837.3878084,0.671693155,0.103185072,6.509596245,7.54E-11,1.54E-08
ENSG00000117877.10_CD3EAP,920.7092389,0.486303774,0.074820961,6.499565992,8.06E-11,1.62E-08
ENSG00000113070.8_HBEGF,1434.690207,0.418150966,0.064445072,6.488486326,8.67E-11,1.72E-08
ENSG00000111641.11_NOP2,1466.776483,0.580088598,0.089573784,6.476097941,9.41E-11,1.84E-08
ENSG00000168994.13_PXDC1,1241.447666,0.508140894,0.07868137,6.458211071,1.06E-10,2.04E-08
ENSG00000175592.8_FOSL1,10661.33169,0.597161812,0.092644587,6.445728066,1.15E-10,2.18E-08
ENSG00000204569.10_PPP1R10,1439.331737,0.421525924,0.066155898,6.371705885,1.87E-10,3.48E-08
ENSG00000143867.7_OSR1,232.5913961,-0.978865957,0.154613271,-6.331060376,2.43E-10,4.47E-08
ENSG00000134259.3_NGF,195.2407234,1.01720518,0.161397478,6.302484976,2.93E-10,5.30E-08
ENSG00000112149.10_CD83,319.2397616,0.740721385,0.117960892,6.27938102,3.40E-10,6.06E-08
ENSG00000144746.7_ARL6IP5,1485.5454,-0.45723905,0.072920849,-6.27034734,3.60E-10,6.33E-08
ENSG00000176697.19_BDNF,860.4608757,0.469139831,0.074978649,6.256978969,3.93E-10,6.80E-08
ENSG00000100234.11_TIMP3,6173.208852,-0.337264169,0.053953643,-6.250999047,4.08E-10,6.96E-08
ENSG00000137331.12_IER3,7378.575238,0.536503126,0.086096785,6.231395597,4.62E-10,7.79E-08
ENSG00000077044.10_DGKD,973.4463819,0.642233059,0.103840102,6.184826945,6.22E-10,1.03E-07
ENSG00000136244.12_IL6,318.4852298,0.795590834,0.128819974,6.175989706,6.58E-10,1.08E-07
ENSG00000040275.17_SPDL1,2080.417791,0.439312056,0.071368866,6.155514,7.48E-10,1.21E-07
ENSG00000163870.15_TPRA1,563.6120765,0.577128742,0.093844781,6.14982246,7.76E-10,1.24E-07
ENSG00000166592.12_RRAD,269.7064689,0.916055202,0.149153471,6.141695497,8.16E-10,1.29E-07
ENSG00000214517.10_PPME1,2032.778744,0.301545522,0.049357935,6.109362581,1.00E-09,1.56E-07
ENSG00000140153.17_WDR20,515.8887406,0.533362604,0.087426162,6.100720808,1.06E-09,1.62E-07
ENSG00000104419.14_NDRG1,2155.221927,-0.721636759,0.118488444,-6.09035559,1.13E-09,1.71E-07
ENSG00000133639.5_BTG1,1093.953435,-0.386866123,0.063773355,-6.066265808,1.31E-09,1.96E-07
ENSG00000247095.2_MIR210HG,151.2833194,-1.060890346,0.175106318,-6.05854978,1.37E-09,2.03E-07
ENSG00000116560.11_SFPQ,6389.841747,0.27332476,0.045177132,6.050068866,1.45E-09,2.12E-07
ENSG00000116285.13_ERRFI1,7765.138513,-0.314511221,0.052211969,-6.023737975,1.70E-09,2.44E-07
ENSG00000165684.4_SNAPC4,363.5384071,0.783570192,0.130041773,6.025526851,1.69E-09,2.44E-07
ENSG00000183963.18_SMTN,1455.261596,0.483049411,0.080361812,6.010932332,1.84E-09,2.61E-07
ENSG00000152256.13_PDK1,453.8800057,-0.696724443,0.116423192,-5.984412801,2.17E-09,3.03E-07
ENSG00000149658.18_YTHDF1,1525.892275,0.303127607,0.050733078,5.974949997,2.30E-09,3.18E-07
ENSG00000161547.16_SRSF2,4407.918546,0.271852926,0.04552132,5.971991316,2.34E-09,3.20E-07
ENSG00000099860.9_GADD45B,926.5563914,-0.59869724,0.100289154,-5.969710756,2.38E-09,3.21E-07
ENSG00000119922.10_IFIT2,847.1929049,-0.500046196,0.083917923,-5.958753215,2.54E-09,3.40E-07
ENSG00000138764.15_CCNG2,290.4158108,-0.975930624,0.164485112,-5.93324593,2.97E-09,3.93E-07
ENSG00000139289.13_PHLDA1,7544.921533,0.224876759,0.037961865,5.923754277,3.15E-09,4.12E-07
ENSG00000124762.13_CDKN1A,2194.236192,0.386997934,0.065387843,5.918499768,3.25E-09,4.20E-07
ENSG00000123689.6_G0S2,4601.529644,0.62455012,0.106202462,5.880749899,4.08E-09,5.23E-07
ENSG00000145365.11_TIFA,284.8573388,0.704001859,0.120165978,5.858578865,4.67E-09,5.92E-07
ENSG00000111077.17_TNS2,561.9767448,-0.541821689,0.092622224,-5.849802186,4.92E-09,6.17E-07
ENSG00000105722.10_ERF,770.7453891,0.55387057,0.095242107,5.815396043,6.05E-09,7.51E-07
ENSG00000006468.14_ETV1,557.1512808,-0.808480417,0.139436447,-5.798200056,6.70E-09,8.24E-07
ENSG00000116815.16_CD58,541.4325721,-0.506297531,0.087809618,-5.765855034,8.12E-09,9.89E-07
ENSG00000101040.19_ZMYND8,969.1155046,-0.500245912,0.087115613,-5.742322111,9.34E-09,1.11E-06
ENSG00000108179.14_PPIF,2617.639648,0.366836264,0.063898456,5.740925339,9.42E-09,1.11E-06
ENSG00000167074.15_TEF,136.6234483,-0.971975794,0.169213881,-5.744066561,9.24E-09,1.11E-06
ENSG00000110047.18_EHD1,5890.65059,0.387818094,0.06768811,5.72948621,1.01E-08,1.18E-06
ENSG00000166387.13_PPFIBP2,69.11977019,-1.471629774,0.257129687,-5.723297806,1.04E-08,1.21E-06
ENSG00000107984.10_DKK1,10420.66165,0.38187626,0.066770651,5.719223278,1.07E-08,1.23E-06
ENSG00000120217.14_CD274,627.1316333,0.57035467,0.099942508,5.706827646,1.15E-08,1.31E-06
ENSG00000081041.9_CXCL2,113.952677,1.156010343,0.202828592,5.699444705,1.20E-08,1.36E-06
ENSG00000113240.13_CLK4,248.4278416,0.754223732,0.132375144,5.697623519,1.21E-08,1.36E-06
ENSG00000103642.12_LACTB,623.54452,0.519577316,0.091298343,5.690982976,1.26E-08,1.40E-06
ENSG00000173281.5_PPP1R3B,215.5404001,-0.783674944,0.137742892,-5.689403896,1.27E-08,1.40E-06
ENSG00000020577.13_SAMD4A,929.6012953,0.551477233,0.097033866,5.683348045,1.32E-08,1.44E-06
ENSG00000189143.9_CLDN4,1094.738862,-0.480441895,0.084797385,-5.665763067,1.46E-08,1.58E-06
ENSG00000167034.10_NKX3-1,384.1833648,0.608205167,0.107401645,5.66290363,1.49E-08,1.59E-06
ENSG00000155324.9_GRAMD2B,791.0164103,0.542278202,0.095926448,5.653062471,1.58E-08,1.67E-06
ENSG00000171793.15_CTPS1,2112.142729,0.307043155,0.054423114,5.641778548,1.68E-08,1.77E-06
ENSG00000168502.17_MTCL1,972.1785193,0.393316249,0.070308524,5.594147469,2.22E-08,2.31E-06
ENSG00000143067.5_ZNF697,426.4493488,0.672625691,0.121208748,5.549316369,2.87E-08,2.96E-06
ENSG00000184402.15_SS18L1,484.805099,0.568820388,0.102785755,5.534039106,3.13E-08,3.21E-06
ENSG00000130810.20_PPAN,924.452765,0.462709629,0.083841856,5.518838129,3.41E-08,3.47E-06
ENSG00000183421.12_RIPK4,328.2488158,0.818300152,0.148498848,5.510481498,3.58E-08,3.61E-06
ENSG00000124201.15_ZNFX1,1575.966888,0.396042531,0.072506716,5.462149618,4.70E-08,4.70E-06
ENSG00000167565.13_SERTAD3,388.0865065,0.585763541,0.107280653,5.460104171,4.76E-08,4.72E-06
ENSG00000131746.13_TNS4,425.093688,-0.576487201,0.105674726,-5.455298761,4.89E-08,4.81E-06
ENSG00000147454.14_SLC25A37,2305.572935,0.415348739,0.076183348,5.45196226,4.98E-08,4.86E-06
ENSG00000176171.11_BNIP3,3464.429717,-0.294999748,0.05421964,-5.440828196,5.30E-08,5.13E-06
ENSG00000198853.12_RUSC2,1068.251858,0.411520167,0.075772553,5.430992458,5.60E-08,5.38E-06
ENSG00000159128.14_IFNGR2,1277.364839,0.402227175,0.074489761,5.399764578,6.67E-08,6.36E-06
ENSG00000071575.11_TRIB2,531.4273421,-0.516513071,0.095687419,-5.397920379,6.74E-08,6.38E-06
ENSG00000111424.10_VDR,197.1668136,0.747430193,0.138632783,5.391439009,6.99E-08,6.56E-06
ENSG00000282057.1_AC092807.3,67.53242202,1.279663256,0.237906692,5.378845152,7.50E-08,6.98E-06
ENSG00000124789.11_NUP153,3349.688344,0.448947222,0.083791556,5.357905279,8.42E-08,7.78E-06
ENSG00000121797.10_CCRL2,410.4509219,-0.579161674,0.108640268,-5.331003752,9.77E-08,8.96E-06
ENSG00000185567.7_AHNAK2,1029.497464,-0.418499431,0.078816953,-5.309764144,1.10E-07,1.00E-05
ENSG00000171608.15_PIK3CD,318.0965231,0.65501183,0.123634795,5.297957009,1.17E-07,1.06E-05
ENSG00000109099.15_PMP22,1146.841391,-0.389209936,0.073699857,-5.281013424,1.28E-07,1.15E-05
ENSG00000109320.12_NFKB1,815.9947583,0.633455684,0.120082065,5.275189784,1.33E-07,1.18E-05
ENSG00000166261.11_ZNF202,403.957797,0.520331734,0.098733004,5.270089148,1.36E-07,1.21E-05
ENSG00000173846.13_PLK3,335.7171583,0.734255595,0.139514224,5.262944319,1.42E-07,1.25E-05
ENSG00000131323.14_TRAF3,791.8576025,0.483715275,0.092092454,5.252496302,1.50E-07,1.31E-05
ENSG00000127666.9_TICAM1,296.1979293,0.681060655,0.129815479,5.24637477,1.55E-07,1.33E-05
ENSG00000132481.7_AC087289.1,632.3056413,0.514672699,0.098093087,5.246778505,1.55E-07,1.33E-05
ENSG00000007545.15_CRAMP1,348.5338907,0.664735758,0.127063287,5.231532854,1.68E-07,1.43E-05
ENSG00000184867.14_ARMCX2,447.7735798,-0.489955643,0.093660975,-5.23116106,1.68E-07,1.43E-05
ENSG00000269713.7_NBPF9,1785.446627,0.415014692,0.079454285,5.223314161,1.76E-07,1.48E-05
ENSG00000175505.11_CLCF1,464.6068991,0.592575109,0.113888147,5.203132416,1.96E-07,1.64E-05
ENSG00000275993.2_SIK1B,602.4642248,0.546396936,0.105094821,5.199085261,2.00E-07,1.66E-05
ENSG00000258441.1_LINC00641,91.12455387,1.263295925,0.243295058,5.192443836,2.08E-07,1.71E-05
ENSG00000135365.15_PHF21A,216.2055126,-0.795938582,0.153476438,-5.186063679,2.15E-07,1.76E-05
ENSG00000001167.14_NFYA,1595.064309,0.300955465,0.058204973,5.170614252,2.33E-07,1.90E-05
ENSG00000170345.10_FOS,416.0003589,-0.885654316,0.171472395,-5.164996468,2.40E-07,1.94E-05
ENSG00000185745.10_IFIT1,775.6989084,-0.445940166,0.086403678,-5.161124785,2.45E-07,1.97E-05
ENSG00000168906.13_MAT2A,4157.571993,0.274303425,0.053243932,5.15182508,2.58E-07,2.06E-05
ENSG00000253522.6_MIR3142HG,44.42644586,1.679673368,0.32646788,5.144988128,2.68E-07,2.12E-05
ENSG00000127080.10_IPPK,351.7399861,0.588105273,0.114388327,5.141304955,2.73E-07,2.15E-05
ENSG00000139174.12_PRICKLE1,291.7696902,-0.64153742,0.12484983,-5.138472499,2.77E-07,2.17E-05
ENSG00000126368.6_NR1D1,194.3637401,-0.895519231,0.174948737,-5.118752195,3.08E-07,2.39E-05
ENSG00000272269.1_AL138724.1,143.710674,0.929272322,0.181566744,5.118075612,3.09E-07,2.39E-05
ENSG00000103064.15_SLC7A6,999.7672199,0.552539111,0.108358073,5.099196545,3.41E-07,2.62E-05
ENSG00000080823.23_MOK,966.4892789,0.521454864,0.102352227,5.094709498,3.49E-07,2.67E-05
ENSG00000187678.9_SPRY4,1338.797924,0.370208079,0.07295802,5.074261557,3.89E-07,2.95E-05
ENSG00000057704.13_TMCC3,307.5953004,-0.858133463,0.169580901,-5.060319044,4.19E-07,3.16E-05
ENSG00000102554.14_KLF5,384.775883,-0.625935858,0.123789416,-5.056457005,4.27E-07,3.20E-05
ENSG00000172927.8_MYEOV,4141.22327,0.239221534,0.047325909,5.054768898,4.31E-07,3.21E-05
ENSG00000132510.10_KDM6B,191.0050342,0.750424922,0.148762076,5.044463888,4.55E-07,3.37E-05
ENSG00000180730.4_SHISA2,475.367035,0.542620289,0.107958775,5.026180476,5.00E-07,3.68E-05
ENSG00000124067.17_SLC12A4,827.8950711,0.467893919,0.093244483,5.017926027,5.22E-07,3.82E-05
ENSG00000033170.16_FUT8,1958.290517,-0.353057696,0.070398495,-5.015131326,5.30E-07,3.83E-05
ENSG00000129474.16_AJUBA,2537.845085,0.351371754,0.070051908,5.01587697,5.28E-07,3.83E-05
ENSG00000118523.6_CCN2,4486.678224,-0.302028395,0.060286453,-5.009888307,5.45E-07,3.92E-05
ENSG00000106346.11_USP42,240.9389627,0.621885595,0.12437086,5.000251612,5.73E-07,4.09E-05
ENSG00000239306.4_RBM14,1116.483124,0.379377291,0.075927637,4.996563898,5.84E-07,4.15E-05
ENSG00000097007.18_ABL1,2091.862627,0.314567904,0.062995591,4.993490757,5.93E-07,4.19E-05
ENSG00000213588.6_ZBTB9,413.5676133,0.504745731,0.101157719,4.989690704,6.05E-07,4.25E-05
ENSG00000187607.16_ZNF286A,295.2626382,0.648307735,0.130259512,4.977047173,6.46E-07,4.51E-05
ENSG00000198042.11_MAK16,509.6692174,0.490954471,0.098822683,4.968034232,6.76E-07,4.70E-05
ENSG00000133056.13_PIK3C2B,54.73274573,-1.687862727,0.340143532,-4.962207331,6.97E-07,4.81E-05
ENSG00000105576.15_TNPO2,2764.633435,0.387784927,0.078236476,4.956574544,7.17E-07,4.93E-05
ENSG00000167470.12_MIDN,506.1927796,0.468129806,0.094602336,4.948395825,7.48E-07,5.11E-05
ENSG00000204256.13_BRD2,4356.223935,0.209756539,0.042397653,4.947362025,7.52E-07,5.11E-05
ENSG00000275131.3_AC241952.1,525.3553788,0.562611483,0.114113831,4.930265492,8.21E-07,5.55E-05
ENSG00000143786.8_CNIH3,224.6946943,-0.698930889,0.142658364,-4.899333425,9.62E-07,6.46E-05
ENSG00000145901.15_TNIP1,2776.509919,0.267814805,0.054805614,4.886630894,1.03E-06,6.85E-05
ENSG00000169908.12_TM4SF1,3885.151314,0.30876392,0.06333442,4.875136132,1.09E-06,7.23E-05
ENSG00000108854.16_SMURF2,4880.57223,0.315947939,0.064859553,4.87126298,1.11E-06,7.33E-05
ENSG00000265190.6_ANXA8,1155.422585,0.376893416,0.07743527,4.867206053,1.13E-06,7.44E-05
ENSG00000002587.10_HS3ST1,209.6559044,-0.62328603,0.128791307,-4.839503891,1.30E-06,8.51E-05
ENSG00000049759.18_NEDD4L,2059.504416,0.364377754,0.075454384,4.829113125,1.37E-06,8.92E-05
ENSG00000178104.19_PDE4DIP,1179.54092,0.352955023,0.073243387,4.81893368,1.44E-06,9.34E-05
ENSG00000126705.14_AHDC1,531.0278015,0.692323648,0.143888445,4.811530557,1.50E-06,9.64E-05
ENSG00000162139.10_NEU3,224.7371548,0.6765853,0.140687005,4.809152787,1.52E-06,9.71E-05
ENSG00000128944.13_KNSTRN,1141.674038,0.349487285,0.072744555,4.804308531,1.55E-06,9.89E-05
ENSG00000184371.14_CSF1,3482.336634,0.280602491,0.0585549,4.792126575,1.65E-06,0.000104585
ENSG00000127191.18_TRAF2,871.1849906,0.454306888,0.095162457,4.774013834,1.81E-06,0.000113283
ENSG00000129226.14_CD68,1202.70372,-0.348692185,0.073034793,-4.774329766,1.80E-06,0.000113283
ENSG00000171453.19_POLR1C,1247.863835,0.429121946,0.089928867,4.771793116,1.83E-06,0.000113958
ENSG00000187764.11_SEMA4D,419.1815832,-0.497140048,0.104422092,-4.760870432,1.93E-06,0.000119696
ENSG00000115368.10_WDR75,1565.433691,0.374627136,0.078765185,4.756252839,1.97E-06,0.00012185
ENSG00000055483.19_USP36,929.8491075,0.370275313,0.077974463,4.748674074,2.05E-06,0.000125247
ENSG00000110925.6_CSRNP2,293.1690116,0.61317348,0.129106672,4.749355496,2.04E-06,0.000125247
ENSG00000101096.20_NFATC2,290.7340351,0.638601638,0.134618643,4.743783051,2.10E-06,0.000127675
ENSG00000019144.19_PHLDB1,1097.637491,0.363189682,0.076612489,4.740606716,2.13E-06,0.000128422
ENSG00000132275.11_RRP8,403.562301,0.48418062,0.10212724,4.740954708,2.13E-06,0.000128422
ENSG00000184584.13_TMEM173,340.4652428,-0.557811621,0.11796101,-4.72877964,2.26E-06,0.000135469
ENSG00000168497.5_CAVIN2,568.3918517,-0.419728687,0.088870711,-4.722913594,2.32E-06,0.00013876
ENSG00000123843.13_C4BPB,659.6709008,0.46200323,0.097951239,4.716665519,2.40E-06,0.000142397
ENSG00000160271.16_RALGDS,907.5272266,-0.381313588,0.080901956,-4.713280198,2.44E-06,0.000144088
ENSG00000143319.16_ISG20L2,634.1036036,0.378879659,0.080451238,4.709432275,2.48E-06,0.000146133
ENSG00000105516.10_DBP,54.10336602,-1.338095796,0.2847035,-4.699962572,2.60E-06,0.000151837
ENSG00000178951.9_ZBTB7A,706.3621132,0.406091131,0.086408329,4.699675786,2.61E-06,0.000151837
ENSG00000276850.4_AC245041.2,526.9059131,0.517788918,0.110254487,4.696306986,2.65E-06,0.000153634
ENSG00000170522.9_ELOVL6,2358.310899,-0.315833831,0.06731606,-4.691805063,2.71E-06,0.000156317
ENSG00000107929.14_LARP4B,1539.442427,0.294205815,0.062870374,4.679561999,2.87E-06,0.000165171
ENSG00000099194.6_SCD,3025.208538,-0.359724919,0.0772126,-4.658888794,3.18E-06,0.000181806
ENSG00000110330.8_BIRC2,2519.15473,0.474783779,0.102128277,4.648896415,3.34E-06,0.000189955
ENSG00000146678.10_IGFBP1,302.9822602,-0.60365656,0.130223356,-4.635547568,3.56E-06,0.000201703
ENSG00000104881.16_PPP1R13L,919.4559798,0.487299395,0.105252786,4.629800464,3.66E-06,0.000206431
ENSG00000067182.7_TNFRSF1A,1638.813923,-0.290110267,0.062717775,-4.625646668,3.73E-06,0.00020965
ENSG00000112941.14_TENT4A,997.0839858,0.358935827,0.077696071,4.619742327,3.84E-06,0.000213814
ENSG00000125398.7_SOX9,1551.329503,-0.262769407,0.056880391,-4.619683542,3.84E-06,0.000213814
ENSG00000028277.21_POU2F2,186.0575567,0.707371548,0.153317843,4.613758809,3.95E-06,0.000219012
ENSG00000204859.13_ZBTB48,205.6500136,0.72375934,0.157166904,4.605036561,4.12E-06,0.000227371
ENSG00000064932.16_SBNO2,1599.302878,0.428148534,0.093324743,4.587727947,4.48E-06,0.000245953
ENSG00000122884.12_P4HA1,1353.755693,-0.470800022,0.102764851,-4.581333184,4.62E-06,0.000252469
ENSG00000106608.16_URGCP,710.3997302,0.347780495,0.076021035,4.574792956,4.77E-06,0.000259333
ENSG00000283154.2_IQCJ-SCHIP1,313.5089271,0.484331502,0.105968087,4.57054116,4.86E-06,0.000263485
ENSG00000175376.9_EIF1AD,1055.499374,0.340982417,0.074704563,4.564412202,5.01E-06,0.00027011
ENSG00000120256.10_LRP11,718.4371146,-0.439859528,0.096431716,-4.561357485,5.08E-06,0.000272874
ENSG00000179094.16_AC129492.1,128.4494623,-0.849999371,0.186462585,-4.558551909,5.15E-06,0.000275341
ENSG00000115641.19_FHL2,1437.063609,0.282373544,0.0620353,4.551820385,5.32E-06,0.000283071
ENSG00000169032.9_MAP2K1,1239.797569,-0.342837317,0.075489846,-4.541502427,5.59E-06,0.000296006
ENSG00000231528.2_FAM225A,281.9443117,-0.581798154,0.12873418,-4.519375938,6.20E-06,0.00032728
ENSG00000164237.9_CMBL,845.3022936,-0.388303772,0.086106371,-4.509582363,6.50E-06,0.000341293
ENSG00000174996.11_KLC2,1616.803612,0.358682019,0.079607651,4.505622438,6.62E-06,0.000346241
ENSG00000198355.5_PIM3,649.0648913,0.504847401,0.112415444,4.490907861,7.09E-06,0.000369476
ENSG00000120875.9_DUSP4,3968.011357,0.271472951,0.060465606,4.489708587,7.13E-06,0.000369995
ENSG00000272333.5_KMT2B,815.9375172,0.49358968,0.109978369,4.488061473,7.19E-06,0.0003713
ENSG00000112578.10_BYSL,1948.832911,0.248730565,0.055454386,4.485318159,7.28E-06,0.000373868
ENSG00000144283.21_PKP4,1945.878686,0.291228513,0.06493667,4.484808251,7.30E-06,0.000373868
ENSG00000100354.21_TNRC6B,238.3006899,-0.707563985,0.158198543,-4.472632745,7.73E-06,0.000394167
ENSG00000143179.16_UCK2,1583.861671,0.267213755,0.060086438,4.447155852,8.70E-06,0.000440266
ENSG00000143631.10_FLG,403.9148901,0.739793417,0.166340122,4.447474302,8.69E-06,0.000440266
ENSG00000070444.15_MNT,232.1907751,-0.661507686,0.148841012,-4.444391207,8.81E-06,0.00044276
ENSG00000181885.18_CLDN7,276.6154522,-0.52452439,0.118025016,-4.444179765,8.82E-06,0.00044276
ENSG00000164086.10_DUSP7,1054.231508,0.320968297,0.072264638,4.44156791,8.93E-06,0.000446347
ENSG00000038274.17_MAT2B,1222.218851,-0.423533582,0.095387111,-4.440155268,8.99E-06,0.000447468
ENSG00000051108.15_HERPUD1,639.0380512,-0.348763043,0.078604253,-4.436948773,9.12E-06,0.000452352
ENSG00000177427.13_MIEF2,346.2210036,-0.458734502,0.103521093,-4.431314306,9.37E-06,0.000462472
ENSG00000088876.11_ZNF343,180.6270251,0.72325919,0.163446759,4.425044548,9.64E-06,0.000474205
ENSG00000134294.14_SLC38A2,3584.211413,-0.37609122,0.085230702,-4.412626113,1.02E-05,0.000498261
ENSG00000165271.17_NOL6,1861.979764,0.312276055,0.070758293,4.413278511,1.02E-05,0.000498261
ENSG00000114315.4_HES1,448.2699796,-0.635101181,0.143966992,-4.411436075,1.03E-05,0.000499028
ENSG00000038382.20_TRIO,4546.203394,0.433520557,0.098309106,4.409770119,1.03E-05,0.000500902
ENSG00000167378.8_IRGQ,444.6719464,0.498497929,0.113067503,4.408852354,1.04E-05,0.000501057
ENSG00000179348.11_GATA2,169.0920314,0.808324916,0.183539503,4.404092326,1.06E-05,0.000510183
ENSG00000136811.16_ODF2,1578.078871,0.257707134,0.058735066,4.387619716,1.15E-05,0.000546117
ENSG00000188895.11_MSL1,1195.550791,0.291331834,0.066396517,4.387757805,1.15E-05,0.000546117
ENSG00000101255.11_TRIB3,429.8356469,-0.46882449,0.107109728,-4.377048632,1.20E-05,0.000571063
ENSG00000155438.12_NIFK,1523.083504,0.386612191,0.088414347,4.372731381,1.23E-05,0.000580237
ENSG00000107554.17_DNMBP,2903.564604,0.256078652,0.058666568,4.36498437,1.27E-05,0.000598884
ENSG00000116791.14_CRYZ,275.6191942,-0.572967022,0.131494047,-4.357360932,1.32E-05,0.000617754
ENSG00000168301.13_KCTD6,260.1465806,0.497939128,0.114645306,4.343301496,1.40E-05,0.000656157
ENSG00000076706.17_AP002956.1,676.7908664,-0.379695598,0.087455251,-4.341598636,1.41E-05,0.000658759
ENSG00000140044.13_JDP2,124.2642576,-0.770284215,0.177965805,-4.328270895,1.50E-05,0.000697264
ENSG00000130766.5_SESN2,189.0505343,-0.648523202,0.149871445,-4.327196564,1.51E-05,0.000698038
ENSG00000106541.12_AGR2,139.2948903,-0.779452617,0.18026369,-4.323957963,1.53E-05,0.000705717
ENSG00000144233.9_AMMECR1L,617.9071332,0.413640852,0.095682433,4.323059525,1.54E-05,0.000705954
ENSG00000172081.14_MOB3A,1000.185738,-0.293955069,0.068121734,-4.315143651,1.59E-05,0.000728113
ENSG00000233327.10_USP32P2,151.9070807,1.079081793,0.250100285,4.314596408,1.60E-05,0.000728113
ENSG00000134815.19_DHX34,614.7041551,0.418120108,0.097112256,4.305533896,1.67E-05,0.000755773
ENSG00000104783.13_KCNN4,871.3305626,-0.402919616,0.093701868,-4.300016906,1.71E-05,0.000771986
ENSG00000179431.6_FJX1,924.285873,0.406145548,0.094548638,4.295625586,1.74E-05,0.000784544
ENSG00000188613.7_NANOS1,140.2024793,-0.710197225,0.165437257,-4.292849371,1.76E-05,0.000791523
ENSG00000197050.11_ZNF420,107.1898774,0.894760513,0.208839949,4.284431774,1.83E-05,0.000819101
ENSG00000083635.8_NUFIP1,277.1358417,0.532347713,0.124337881,4.281460383,1.86E-05,0.000826571
ENSG00000273590.4_SMIM11B,234.7711626,1.128133258,0.26353324,4.280800632,1.86E-05,0.000826571
ENSG00000101187.16_SLCO4A1,259.2953963,-0.557701916,0.130458231,-4.274946188,1.91E-05,0.00084554
ENSG00000116729.14_WLS,1159.950825,-0.309568106,0.072627973,-4.262381168,2.02E-05,0.000891322
ENSG00000075426.12_FOSL2,2493.806167,0.396570069,0.093183414,4.255801042,2.08E-05,0.000914531
ENSG00000163659.13_TIPARP,1301.536077,0.357903375,0.084112871,4.255036982,2.09E-05,0.000914531
ENSG00000082996.19_RNF13,348.0465455,-0.497243834,0.116994904,-4.250132433,2.14E-05,0.000924914
ENSG00000138131.4_LOXL4,1730.484935,-0.280586167,0.066007342,-4.250832685,2.13E-05,0.000924914
ENSG00000270231.4_NBPF8,2031.72753,0.38628535,0.090879619,4.250516822,2.13E-05,0.000924914
ENSG00000132688.11_NES,376.4623153,-0.471089116,0.11090784,-4.247572736,2.16E-05,0.000932259
ENSG00000178996.14_SNX18,357.8818401,-0.626529861,0.147642043,-4.243573499,2.20E-05,0.000945719
ENSG00000166016.6_ABTB2,465.7453483,0.443715321,0.105036712,4.224383188,2.40E-05,0.001026423
ENSG00000165029.16_ABCA1,644.2152351,-0.789354003,0.187582823,-4.208029244,2.58E-05,0.001099752
ENSG00000175573.7_C11orf68,1414.160266,0.345532163,0.082226587,4.202195106,2.64E-05,0.001124585
ENSG00000109118.14_PHF12,577.9008148,0.408863561,0.097469603,4.194780206,2.73E-05,0.001158004
ENSG00000168672.4_FAM84B,364.8770112,-0.544559533,0.129892267,-4.192393785,2.76E-05,0.001166235
ENSG00000177606.6_JUN,2767.378408,0.352829153,0.084210901,4.189827541,2.79E-05,0.001175463
ENSG00000172059.11_KLF11,314.5738927,-0.685718431,0.163785569,-4.186684056,2.83E-05,0.001187787
ENSG00000204388.7_HSPA1B,3698.745333,0.333703236,0.079740914,4.184843397,2.85E-05,0.001193379
ENSG00000059804.16_SLC2A3,353.0516619,-0.615374799,0.147085114,-4.183800677,2.87E-05,0.001194805
ENSG00000082458.12_DLG3,297.3468344,-0.511248018,0.122505282,-4.173273248,3.00E-05,0.001238802
ENSG00000136859.10_ANGPTL2,332.5021326,-0.585792423,0.140367476,-4.173277456,3.00E-05,0.001238802
ENSG00000154447.15_SH3RF1,681.6259377,0.485075366,0.116211844,4.174061337,2.99E-05,0.001238802
ENSG00000143816.8_WNT9A,145.4679914,-0.726140201,0.174071231,-4.171511834,3.03E-05,0.001244243
ENSG00000161202.19_DVL3,1177.815798,0.28642979,0.068817438,4.162168768,3.15E-05,0.001291955
ENSG00000132740.8_IGHMBP2,436.883718,0.401763986,0.096547591,4.161305132,3.16E-05,0.001292543
ENSG00000160336.15_ZNF761,316.3647218,0.464602917,0.112055663,4.146179699,3.38E-05,0.001376342
ENSG00000165322.17_ARHGAP12,562.5517667,-0.530457333,0.12815273,-4.139258927,3.48E-05,0.001413842
ENSG00000185262.9_UBALD2,503.5354458,-0.47628187,0.115092177,-4.138264491,3.50E-05,0.001415312
ENSG00000138835.22_RGS3,491.8928703,-0.386470192,0.093469666,-4.134712478,3.55E-05,0.001432667
ENSG00000160087.20_UBE2J2,1137.433111,0.315509204,0.076370666,4.131287834,3.61E-05,0.00144943
ENSG00000137200.13_CMTR1,2197.69032,0.281793369,0.068247179,4.12901126,3.64E-05,0.001459086
ENSG00000117143.13_UAP1,2992.731227,0.278344271,0.067424085,4.128261745,3.66E-05,0.001459097
ENSG00000123485.12_HJURP,2115.968819,0.267747245,0.064871974,4.127317694,3.67E-05,0.001460356
ENSG00000173442.13_EHBP1L1,2121.777518,-0.294301181,0.071325086,-4.126194538,3.69E-05,0.001462769
ENSG00000139832.5_RAB20,133.5510165,-0.781823407,0.189640455,-4.122661525,3.75E-05,0.001479844
ENSG00000171681.12_ATF7IP,914.720169,-0.385957098,0.093632485,-4.122042657,3.76E-05,0.001479844
ENSG00000149930.18_TAOK2,834.6737753,0.443265003,0.107636144,4.11817989,3.82E-05,0.001498417
ENSG00000153132.13_CLGN,508.0754349,-0.477388248,0.115935757,-4.117696384,3.83E-05,0.001498417
ENSG00000134070.5_IRAK2,316.9834637,0.59738535,0.145119968,4.116493107,3.85E-05,0.001501476
ENSG00000161638.11_ITGA5,2206.904376,-0.274721327,0.066870236,-4.108275145,3.99E-05,0.001546087
ENSG00000221869.4_CEBPD,122.7379823,0.801734826,0.195135178,4.10861247,3.98E-05,0.001546087
ENSG00000125633.11_CCDC93,808.1135142,0.427268861,0.104057004,4.106103822,4.02E-05,0.001555776
ENSG00000105732.13_ZNF574,400.7559104,0.427875394,0.104227785,4.1051951,4.04E-05,0.001557009
ENSG00000107551.21_RASSF4,320.5357062,-0.466533829,0.113894345,-4.096198369,4.20E-05,0.001608654
ENSG00000134697.13_GNL2,2370.499554,0.341336368,0.083326996,4.096347955,4.20E-05,0.001608654
ENSG00000172175.14_MALT1,1054.466243,0.308289377,0.075446069,4.086221865,4.38E-05,0.001674161
ENSG00000163661.4_PTX3,1111.05242,0.39730217,0.097358902,4.080799617,4.49E-05,0.001708397
ENSG00000185163.10_DDX51,446.6013912,0.39644459,0.097353881,4.072201187,4.66E-05,0.001767252
ENSG00000004660.14_CAMKK1,128.3483235,-0.713168788,0.175190514,-4.070818517,4.68E-05,0.001772305
ENSG00000163565.18_IFI16,1965.897899,-0.241506949,0.059484048,-4.060028824,4.91E-05,0.001850535
ENSG00000129657.16_SEC14L1,2518.196225,0.283947152,0.070121377,4.049366465,5.14E-05,0.001930972
ENSG00000197753.10_LHFPL5,129.0305999,0.84246391,0.208089697,4.048561381,5.15E-05,0.001931718
ENSG00000119280.16_C1orf198,452.3583113,0.430523426,0.106376155,4.047179816,5.18E-05,0.001937244
ENSG00000211459.2_MT-RNR1,13092.16539,0.788936885,0.195011551,4.045590544,5.22E-05,0.001944525
ENSG00000130311.11_DDA1,1343.869449,0.275962912,0.068247293,4.043572999,5.26E-05,0.001944575
ENSG00000247626.4_MARS2,205.1147258,0.572138269,0.141469161,4.044261424,5.25E-05,0.001944575
ENSG00000263002.8_ZNF234,98.26229044,0.837911871,0.207226244,4.043464069,5.27E-05,0.001944575
ENSG00000153922.10_CHD1,1175.977343,0.374669374,0.092746507,4.039714111,5.35E-05,0.001970012
ENSG00000146826.17_C7orf43,262.8986881,0.508646894,0.126040697,4.03557666,5.45E-05,0.00199907
ENSG00000138675.16_FGF5,338.8854394,0.627319977,0.156223107,4.01553899,5.93E-05,0.00217029
ENSG00000125247.15_TMTC4,138.7050356,-0.709150262,0.17676016,-4.011934934,6.02E-05,0.00219716
ENSG00000188483.7_IER5L,222.3954116,0.96689112,0.241161762,4.009305251,6.09E-05,0.002215197
ENSG00000109920.12_FNBP4,1000.810524,0.320878356,0.080060208,4.007963064,6.12E-05,0.002221249
ENSG00000162522.11_KIAA1522,663.3191986,-0.328066228,0.08187469,-4.006930924,6.15E-05,0.002224413
ENSG00000134824.14_FADS2,1357.199863,-0.360663657,0.090184398,-3.999180199,6.36E-05,0.002291783
ENSG00000115884.11_SDC1,1345.620121,-0.295751493,0.073985109,-3.997446225,6.40E-05,0.00230188
ENSG00000145990.11_GFOD1,316.9904384,0.48248776,0.120726889,3.996522753,6.43E-05,0.002304137
ENSG00000106351.13_AGFG2,163.2118694,-0.710099623,0.178068267,-3.987794312,6.67E-05,0.002383602
ENSG00000113460.12_BRIX1,2268.779886,0.32158379,0.08069666,3.985094181,6.75E-05,0.002403882
ENSG00000189060.5_H1F0,2888.523472,-0.230828762,0.057988179,-3.980617516,6.87E-05,0.002442529
ENSG00000092964.18_DPYSL2,1471.325949,-0.263094241,0.06612574,-3.978696367,6.93E-05,0.00245525
ENSG00000267121.5_AC008105.3,102.6197164,1.064489703,0.267680998,3.976710013,6.99E-05,0.002468726
ENSG00000157514.16_TSC22D3,176.1994327,-0.611633179,0.153860593,-3.975242567,7.03E-05,0.002476881
ENSG00000273559.5_CWC25,517.9510167,0.383663811,0.096620757,3.970821829,7.16E-05,0.002516089
ENSG00000143398.20_PIP5K1A,1221.80574,0.358441043,0.090308564,3.969070356,7.22E-05,0.002527431
ENSG00000132002.8_DNAJB1,3118.536895,0.20595388,0.05193673,3.965476434,7.32E-05,0.00255853
ENSG00000169247.12_SH3TC2,392.2593998,-0.405861493,0.102630001,-3.954608675,7.67E-05,0.002662528
ENSG00000169855.20_ROBO1,64.99117524,-1.102277652,0.278720627,-3.954776025,7.66E-05,0.002662528
ENSG00000163347.6_CLDN1,56.35151817,1.074132833,0.271984911,3.949236853,7.84E-05,0.002715316
ENSG00000139926.15_FRMD6,3021.442596,0.498152352,0.126187805,3.947705961,7.89E-05,0.002717423
ENSG00000273760.1_AC245041.1,145.0148267,0.654463727,0.165765229,3.948136342,7.88E-05,0.002717423
ENSG00000084112.15_SSH1,1795.425801,0.369923218,0.093723273,3.946972879,7.91E-05,0.00271814
ENSG00000198189.11_HSD17B11,1349.046673,-0.367597475,0.093196531,-3.944325734,8.00E-05,0.002740683
ENSG00000148344.11_PTGES,574.4325511,-0.437253909,0.11100019,-3.939217643,8.17E-05,0.002791913
ENSG00000181625.17_SLX1B,113.9901453,-1.757927632,0.447021601,-3.932533971,8.41E-05,0.002862763
ENSG00000188994.13_ZNF292,320.2778579,-0.645881972,0.164636511,-3.923078588,8.74E-05,0.002969297
ENSG00000185730.7_ZNF696,111.8188802,0.785745661,0.200386565,3.921149403,8.81E-05,0.002984928
ENSG00000164294.14_GPX8,1129.240138,-0.267019784,0.068112022,-3.920303273,8.84E-05,0.002987199
ENSG00000168924.15_LETM1,1199.007711,0.266363228,0.068000228,3.917093178,8.96E-05,0.003018948
ENSG00000197451.12_HNRNPAB,7156.579533,0.284475509,0.072643281,3.916060874,9.00E-05,0.003023614
ENSG00000147872.10_PLIN2,1241.164447,-0.300898523,0.076971188,-3.909235798,9.26E-05,0.003101843
ENSG00000105993.15_DNAJB6,5545.016558,0.161469619,0.041324955,3.907315033,9.33E-05,0.0031181
ENSG00000122786.20_CALD1,2228.548114,0.417380249,0.106860278,3.905850315,9.39E-05,0.003128548
ENSG00000163026.12_WDCP,236.4206038,0.560954176,0.14411429,3.892425765,9.92E-05,0.003292171
ENSG00000165424.6_ZCCHC24,371.6030889,-0.567720924,0.145879078,-3.891722732,9.95E-05,0.003292171
ENSG00000183309.11_ZNF623,391.4808894,0.397933593,0.102255983,3.891543377,9.96E-05,0.003292171
ENSG00000173120.15_KDM2A,2493.944341,0.253576921,0.065185402,3.890087541,0.000100208,0.003303105
ENSG00000174738.13_NR1D2,731.723024,-0.505830665,0.130417317,-3.878554446,0.000105079,0.003454402
ENSG00000104731.14_KLHDC4,363.4073036,0.495185699,0.127797525,3.874767532,0.000106727,0.003499207
ENSG00000182287.14_AP1S2,1633.41566,-0.340394865,0.088024984,-3.867025582,0.000110171,0.003602529
ENSG00000105856.14_HBP1,409.9309875,-0.49795664,0.128819929,-3.865524877,0.000110851,0.003615139
ENSG00000204371.11_EHMT2,1154.545939,-0.314887869,0.081514045,-3.862989108,0.000112008,0.003643223
ENSG00000163734.4_CXCL3,44.26199031,1.411137886,0.36552342,3.860594992,0.000113111,0.003659744
ENSG00000197989.14_SNHG12,661.901115,0.577837976,0.149675464,3.860605881,0.000113106,0.003659744
ENSG00000165494.11_PCF11,693.4259404,0.375090117,0.097256915,3.856693543,0.000114931,0.003708866
ENSG00000090470.15_PDCD7,386.4529902,0.488450774,0.126929587,3.848202672,0.000118988,0.003829719
ENSG00000155287.11_SLC25A28,521.8653812,0.43998985,0.114414371,3.845582034,0.000120267,0.003860778
ENSG00000006062.16_MAP3K14,969.3843697,0.323027525,0.084051154,3.843225347,0.000121428,0.003867761
ENSG00000065526.11_SPEN,1065.183176,0.454097816,0.118142155,3.843656121,0.000121215,0.003867761
ENSG00000120458.11_MSANTD2,408.0778686,0.582879299,0.151639684,3.843844062,0.000121122,0.003867761
ENSG00000106459.15_NRF1,333.3760047,0.494596257,0.128950353,3.83555565,0.000125281,0.003970257
ENSG00000131591.17_C1orf159,374.6729557,0.54189246,0.141282127,3.835534421,0.000125292,0.003970257
ENSG00000215041.10_NEURL4,557.0494093,0.502130564,0.131118242,3.829601108,0.000128351,0.004056754
ENSG00000111859.17_NEDD9,671.4661316,-0.349089987,0.091259606,-3.825241007,0.000130644,0.004118062
ENSG00000196756.12_SNHG17,631.2157579,0.52011088,0.135989328,3.824644819,0.000130961,0.004118062
ENSG00000186594.14_MIR22HG,590.7786288,0.429073522,0.112208672,3.823889124,0.000131363,0.004120174
ENSG00000165244.7_ZNF367,494.1082605,-0.484332643,0.126819876,-3.819059418,0.000133961,0.004190984
ENSG00000185022.12_MAFF,552.9585416,0.355335062,0.093089632,3.817128218,0.000135014,0.004213191
ENSG00000151498.11_ACAD8,717.4607208,0.336913125,0.088331064,3.814208841,0.00013662,0.004252511
ENSG00000132361.17_CLUH,2055.22762,0.286021448,0.075023403,3.812429668,0.000137607,0.004272432
ENSG00000184787.19_UBE2G2,1446.465516,0.25298059,0.066383256,3.810909649,0.000138456,0.004287962
ENSG00000147852.16_VLDLR,314.5601756,-0.507826505,0.133334562,-3.808663688,0.00013972,0.004295282
ENSG00000163545.8_NUAK2,147.1518274,0.671135607,0.176194133,3.809068987,0.000139491,0.004295282
ENSG00000183337.16_BCOR,434.5508444,0.4853901,0.127444916,3.808626621,0.000139741,0.004295282
ENSG00000125266.7_EFNB2,1185.976074,-0.430938613,0.113273821,-3.804397252,0.00014215,0.004358436
ENSG00000132603.15_NIP7,1144.941785,0.288457346,0.075834563,3.803771451,0.00014251,0.004358598
ENSG00000127990.17_SGCE,398.0355297,-0.501783913,0.13198833,-3.8017294,0.00014369,0.004383781
ENSG00000169991.11_IFFO2,1055.815635,0.30787857,0.08100186,3.800882727,0.000144182,0.004387901
ENSG00000119231.11_SENP5,685.9968138,0.293244292,0.077186571,3.799162076,0.000145186,0.004396708
ENSG00000182325.11_FBXL6,649.9672229,0.528398856,0.139082789,3.799167812,0.000145183,0.004396708
ENSG00000185215.9_TNFAIP2,1735.646545,0.288701698,0.076009388,3.798237373,0.000145729,0.004399497
ENSG00000196950.14_SLC39A10,672.2394994,-0.645828233,0.170053847,-3.797786664,0.000145994,0.004399497
ENSG00000110400.11_NECTIN1,463.2838849,-0.511199847,0.134649822,-3.796513352,0.000146745,0.004400574
ENSG00000167604.14_AD000864.1,55.63704343,1.003266398,0.264233724,3.796890046,0.000146523,0.004400574
ENSG00000182481.9_KPNA2,6854.305907,0.198540235,0.052318148,3.794863611,0.000147725,0.004419159
ENSG00000160803.8_UBQLN4,914.0511454,0.280784624,0.074020325,3.793344911,0.000148631,0.004430359
ENSG00000160888.7_IER2,1734.447405,0.419254494,0.110532848,3.793030781,0.00014882,0.004430359
ENSG00000257594.4_GALNT4,209.8007187,-0.892265618,0.236025662,-3.780375444,0.000156592,0.004650481
ENSG00000126391.14_FRMD8,626.9536598,0.316867204,0.083840619,3.779399633,0.000157207,0.004657492
ENSG00000197961.11_ZNF121,750.1474889,0.348414086,0.092283368,3.775480842,0.000159699,0.004719959
ENSG00000196449.4_YRDC,656.6160075,0.350263951,0.092807581,3.774087712,0.000160594,0.004735027
ENSG00000138640.15_FAM13A,152.0686263,-0.657077973,0.174143958,-3.773188451,0.000161174,0.004740765
ENSG00000213412.3_HNRNPA1P33,159.1806303,0.581727005,0.154300109,3.77010106,0.000163181,0.004788344
ENSG00000085733.16_CTTN,4154.900512,0.215369195,0.057158343,3.767939815,0.0001646,0.00481848
ENSG00000148396.18_SEC16A,1574.983976,0.22596633,0.059994779,3.76643323,0.000165596,0.004836121
ENSG00000153814.13_JAZF1,95.17883641,-0.893192717,0.237271946,-3.764426149,0.000166932,0.004863575
ENSG00000109220.11_CHIC2,405.3090145,0.456583325,0.121325108,3.76330451,0.000167683,0.004873901
ENSG00000142528.16_ZNF473,376.1435969,0.373138072,0.099381334,3.754609197,0.000173612,0.005034343
ENSG00000150630.4_VEGFC,1150.90697,0.325819504,0.086857337,3.751203019,0.000175988,0.005091233
ENSG00000102034.16_ELF4,900.7103448,0.329873848,0.087960362,3.750255687,0.000176654,0.00509851
ENSG00000164741.15_DLC1,1579.409466,0.303435008,0.080986061,3.746755959,0.000179136,0.005145981
ENSG00000232098.3_AC012313.1,222.056604,0.519900141,0.138741873,3.747247537,0.000178786,0.005145981
ENSG00000163399.16_ATP1A1,12584.00855,-0.203683816,0.054493923,-3.73773449,0.000185686,0.005309321
ENSG00000187498.16_COL4A1,986.9383567,0.348161367,0.093138321,3.738110855,0.000185408,0.005309321
ENSG00000130844.17_ZNF331,552.7152787,0.490751001,0.131352148,3.736147505,0.000186861,0.005312675
ENSG00000148154.10_UGCG,2743.641096,0.275334617,0.073698482,3.735960504,0.000187,0.005312675
ENSG00000177732.8_SOX12,353.9028665,-0.418847513,0.112116419,-3.735826705,0.000187099,0.005312675
ENSG00000133872.13_SARAF,1044.886283,-0.434338094,0.116292859,-3.734864711,0.000187816,0.005320736
ENSG00000176915.15_ANKLE2,1341.005608,0.270193314,0.07236302,3.733859027,0.000188568,0.005329757
ENSG00000162231.14_NXF1,1638.400774,0.311414575,0.083421146,3.733041184,0.000189182,0.005334836
ENSG00000164045.11_CDC25A,835.1452421,0.287183702,0.076990441,3.730121547,0.000191387,0.005384687
ENSG00000133858.15_ZFC3H1,774.8882173,0.350410277,0.093957414,3.729458493,0.000191892,0.005386549
ENSG00000140743.8_AC092338.1,657.7314973,0.355475551,0.095386307,3.726693719,0.000194008,0.005433549
ENSG00000100426.7_ZBED4,491.4912678,0.336214237,0.090319365,3.722504447,0.000197256,0.005511972
ENSG00000198843.13_SELENOT,1099.595072,-0.289385465,0.077757657,-3.721633019,0.000197939,0.005518491
ENSG00000152219.5_ARL14EP,413.9596629,0.36910814,0.099436394,3.712002486,0.000205626,0.005719845
ENSG00000178209.15_PLEC,22095.12195,0.365437746,0.098484643,3.710606386,0.000206763,0.005738501
ENSG00000205213.14_LGR4,624.6875599,-0.663767419,0.178993834,-3.70832561,0.000208634,0.005777384
ENSG00000100592.15_DAAM1,549.0209316,-0.344253597,0.092891803,-3.705963127,0.000210589,0.005805361
ENSG00000125378.16_BMP4,2556.051511,-0.246069684,0.066391779,-3.706327625,0.000210286,0.005805361
ENSG00000166949.16_SMAD3,2893.715375,0.221637256,0.059822921,3.70488859,0.000211484,0.005816984
ENSG00000197976.12_AKAP17A,398.9261818,0.379671313,0.10259805,3.700570447,0.000215115,0.005890519
ENSG00000197976.12_PAR_Y_AKAP17A,398.9261818,0.379671313,0.10259805,3.700570447,0.000215115,0.005890519
ENSG00000143772.9_ITPKB,48.07945327,-1.219049323,0.329575775,-3.698843831,0.000216584,0.00591355
ENSG00000243716.10_NPIPB5,773.8269173,0.662021563,0.178999637,3.698451996,0.000216918,0.00591355
ENSG00000048162.20_NOP16,1622.345975,0.361430061,0.097806407,3.695361794,0.000219574,0.005972701
ENSG00000124664.11_SPDEF,323.9849582,-0.511978034,0.138832851,-3.687729731,0.000226264,0.006141089
ENSG00000008283.16_CYB561,971.9401555,-0.287679574,0.078056683,-3.685521379,0.000228235,0.006180944
ENSG00000101670.12_LIPG,169.9132461,-0.63789189,0.17313376,-3.684387669,0.000229253,0.006181287
ENSG00000153395.10_LPCAT1,1436.87321,-0.218376423,0.059267841,-3.684568573,0.00022909,0.006181287
ENSG00000100625.9_SIX4,246.0541001,0.599979147,0.163133187,3.677848501,0.00023521,0.006304342
ENSG00000100647.8_SUSD6,264.4910133,0.506528555,0.137727007,3.677772182,0.00023528,0.006304342
ENSG00000143748.18_NVL,718.4190732,0.337953518,0.091892865,3.677690529,0.000235355,0.006304342
ENSG00000163516.13_ANKZF1,381.7412097,-0.537269452,0.146115035,-3.67703058,0.000235965,0.006306928
ENSG00000198837.10_DENND4B,754.6052186,0.358026612,0.097461948,3.673501493,0.000239249,0.006380846
ENSG00000189350.12_TOGARAM2,54.09555226,-1.083292156,0.294961174,-3.672660167,0.000240039,0.00638804
ENSG00000048052.21_HDAC9,488.6106291,0.611875973,0.166786974,3.668607681,0.000243875,0.006476118
ENSG00000011007.12_ELOA,1473.619313,0.264626398,0.072207545,3.664802578,0.000247529,0.006530847
ENSG00000166106.3_ADAMTS15,1833.825742,-0.199079473,0.054321736,-3.664821615,0.000247511,0.006530847
ENSG00000172296.13_SPTLC3,384.3581168,-0.502315471,0.137033638,-3.665636239,0.000246724,0.006530847
ENSG00000114541.15_FRMD4B,54.38362028,-1.095046453,0.299730135,-3.653441301,0.000258749,0.006812245
ENSG00000175931.13_UBE2O,759.2710269,0.297684082,0.081496684,3.652714019,0.000259483,0.006816978
ENSG00000106799.13_TGFBR1,1351.692639,-0.445658506,0.122207116,-3.646747591,0.000265581,0.006956196
ENSG00000143157.11_POGK,1218.347132,0.259265927,0.071101399,3.646425091,0.000265914,0.006956196
ENSG00000197632.9_SERPINB2,57.79677664,1.183194122,0.324774348,3.64312677,0.000269346,0.00703102
ENSG00000134531.10_EMP1,2993.227248,-0.373510091,0.102613984,-3.639953108,0.000272688,0.007103168
ENSG00000134369.15_NAV1,689.8482835,-0.325172243,0.089355101,-3.639101067,0.000273591,0.007111642
ENSG00000166750.10_SLFN5,161.0035443,-0.651853418,0.179421147,-3.63309135,0.000280046,0.007264058
ENSG00000183426.16_NPIPA1,794.2997537,0.344058911,0.094721826,3.63230868,0.000280897,0.007270793
ENSG00000140416.21_TPM1,1959.871945,0.23851013,0.065709226,3.62978145,0.000283661,0.007326923
ENSG00000138172.11_CALHM2,235.1863574,-0.496006468,0.136857377,-3.62425818,0.000289792,0.007469587
ENSG00000119979.18_FAM45A,649.1380648,-0.375355897,0.103585554,-3.623631702,0.000290495,0.007472046
ENSG00000109065.11_NAT9,647.0542352,0.434944212,0.12027688,3.616191334,0.000298969,0.007673965
ENSG00000117174.11_ZNHIT6,913.7878722,0.323029185,0.08940393,3.613143018,0.000302508,0.00774861
ENSG00000107882.11_SUFU,274.4556345,-0.498897922,0.138159992,-3.611015865,0.000305,0.007796206
ENSG00000087266.16_SH3BP2,716.3009077,-0.368661654,0.102147657,-3.609105346,0.000307255,0.007821321
ENSG00000164379.7_FOXQ1,417.3857953,-0.486490895,0.134776467,-3.609613051,0.000306654,0.007821321
ENSG00000154370.16_TRIM11,464.0250384,0.398228346,0.110441976,3.605769845,0.000311229,0.007906114
ENSG00000124145.6_SDC4,2573.078878,0.223586522,0.062069677,3.602186018,0.000315552,0.007999417
ENSG00000132300.19_PTCD3,1902.086321,0.21826074,0.060621777,3.60036859,0.000317766,0.008038967
ENSG00000151651.16_ADAM8,1617.852559,-0.295460313,0.08213372,-3.597308307,0.000321527,0.008117409
ENSG00000168916.15_ZNF608,261.4467395,-0.557413296,0.155072361,-3.594536728,0.000324969,0.008146716
ENSG00000177425.11_PAWR,1560.769395,0.355429597,0.098871067,3.594879748,0.000324541,0.008146716
ENSG00000182013.18_PNMA8A,365.5355211,-0.388108886,0.107980762,-3.594241045,0.000325339,0.008146716
ENSG00000255302.4_EID1,2078.962094,-0.328112953,0.091278463,-3.594637153,0.000324844,0.008146716
ENSG00000144354.14_CDCA7,662.4381934,-0.332207711,0.092448805,-3.593423522,0.000326361,0.00815572
ENSG00000147130.14_ZMYM3,668.7853571,-0.304072772,0.084642852,-3.592421139,0.00032762,0.008170559
ENSG00000102316.17_MAGED2,2295.856671,-0.2271295,0.063264285,-3.590169398,0.000330463,0.008224786
ENSG00000101181.17_MTG2,686.1788421,0.318568475,0.088815889,3.58684103,0.000334708,0.008282094
ENSG00000108256.9_NUFIP2,1850.833574,0.352774724,0.098354158,3.586779984,0.000334787,0.008282094
ENSG00000137221.14_TJAP1,1052.089611,0.258500884,0.072062113,3.58719547,0.000334254,0.008282094
ENSG00000140406.3_TLNRD1,306.8956644,0.458462194,0.127857901,3.585716559,0.000336154,0.008299222
ENSG00000117479.14_SLC19A2,372.1496065,0.425618937,0.118763743,3.583744711,0.000338703,0.008345401
ENSG00000268854.1_AC020909.3,36.82001562,2.10699158,0.588373423,3.581044788,0.000342223,0.008415263
ENSG00000134324.11_LPIN1,445.9174553,-0.44639831,0.124710211,-3.579484836,0.000344272,0.008448756
ENSG00000166579.15_NDEL1,672.0818067,0.298664636,0.083452406,3.578861906,0.000345094,0.008452047
ENSG00000275896.5_PRSS2,219.9123558,-0.472353913,0.13203473,-3.577497467,0.0003469,0.008479384
ENSG00000072134.15_EPN2,487.9274653,-0.409224163,0.114406637,-3.576926786,0.000347657,0.008481049
ENSG00000152464.15_RPP38,341.3616059,0.388338267,0.108664685,3.573730204,0.000351932,0.008568314
ENSG00000185219.17_ZNF445,376.3483022,0.424760299,0.119095982,3.566537598,0.000361729,0.008789441
ENSG00000186352.9_ANKRD37,84.00142206,-0.838555513,0.235414012,-3.562045886,0.000367976,0.008923601
ENSG00000255182.2_AC084125.2,67.8844836,1.208328627,0.339386321,3.56033391,0.000370384,0.008964302
ENSG00000107779.13_BMPR1A,472.0697734,-0.43851285,0.123247563,-3.55798395,0.000373712,0.009027094
ENSG00000074410.14_CA12,366.6864356,-0.361227334,0.101786568,-3.548870343,0.000386888,0.009276729
ENSG00000095951.17_HIVEP1,390.964319,0.587604512,0.165535841,3.5497117,0.000385653,0.009276729
ENSG00000146842.17_TMEM209,555.3763973,-0.463115316,0.130500981,-3.548749699,0.000387065,0.009276729
ENSG00000280987.4_MATR3,324.1872857,1.423121783,0.400924202,3.549603083,0.000385812,0.009276729
ENSG00000154930.15_ACSS1,149.5999478,-0.611624466,0.172447609,-3.546726279,0.00039005,0.009330078
ENSG00000076604.15_TRAF4,764.4100602,0.332649838,0.093853726,3.544343426,0.000393592,0.009396536
ENSG00000205250.9_E2F4,1113.95342,0.268281104,0.075796081,3.539511555,0.000400868,0.009551695
ENSG00000070882.13_OSBPL3,2723.693691,0.273921965,0.077520011,3.53356457,0.000409996,0.00975029
ENSG00000213398.7_LCAT,158.420889,0.72945211,0.206474377,3.532894103,0.000411037,0.009756179
ENSG00000188807.13_TMEM201,530.1426892,0.353219253,0.10016759,3.526282839,0.000421437,0.009983744
ENSG00000169718.17_DUS1L,1819.817142,0.366016162,0.103834057,3.525010714,0.000423466,0.01001252
ENSG00000213782.7_DDX47,1736.708527,0.235564596,0.066856221,3.523450645,0.000425966,0.010052317
ENSG00000120756.13_PLS1,340.2057164,-0.527361567,0.149825079,-3.519848424,0.000431793,0.010150862
ENSG00000175938.7_ORAI3,261.0004009,-0.415452195,0.118025598,-3.520017697,0.000431518,0.010150862
ENSG00000049192.15_ADAMTS6,227.7197965,0.466753272,0.132879908,3.51259479,0.000443754,0.010412121
ENSG00000176903.4_PNMA1,1339.706691,-0.247998887,0.07071595,-3.506972454,0.000453236,0.010594178
ENSG00000186716.20_BCR,650.4952476,-0.331629918,0.094561893,-3.507014365,0.000453165,0.010594178
ENSG00000242086.8_MUC20-OT1,255.8077072,0.472703102,0.134894418,3.504245081,0.000457904,0.010682972
ENSG00000119917.14_IFIT3,1539.347562,-0.298313209,0.085147129,-3.503502849,0.000459182,0.010683639
ENSG00000146733.14_PSPH,354.9208378,-0.387236062,0.11053719,-3.503219688,0.00045967,0.010683639
ENSG00000123643.13_SLC36A1,284.7964364,0.403478095,0.115429296,3.495456618,0.000473251,0.010978539
ENSG00000185338.5_SOCS1,73.39687847,1.081638181,0.309578733,3.493903377,0.000476013,0.011021814
ENSG00000197136.4_PCNX3,900.2403882,0.322525951,0.092347565,3.492522542,0.000478481,0.011058132
ENSG00000170275.14_CRTAP,3572.116267,-0.157547067,0.045123357,-3.491474842,0.000480362,0.011080764
ENSG00000175197.12_DDIT3,286.5074199,-0.48598474,0.139358513,-3.487298549,0.000487926,0.011234184
ENSG00000157613.10_CREB3L1,1659.537107,0.27586827,0.07916604,3.484679414,0.000492727,0.011311434
ENSG00000163235.16_TGFA,1353.269286,0.230117646,0.066041022,3.484465254,0.000493121,0.011311434
ENSG00000156304.14_SCAF4,964.5370315,0.218520824,0.062762043,3.481735347,0.000498176,0.011406092
ENSG00000153292.16_ADGRF1,546.7918964,0.311891838,0.089635434,3.479559626,0.000502239,0.011477739
ENSG00000115486.12_GGCX,1130.196436,-0.248911464,0.071559258,-3.47839637,0.000504423,0.011506282
ENSG00000107819.13_SFXN3,1351.709683,-0.21937647,0.063244059,-3.468728511,0.000522928,0.011906287
ENSG00000177192.13_PUS1,519.4331903,0.4000476,0.11548872,3.463953875,0.000532298,0.012097229
ENSG00000171456.19_ASXL1,3544.517176,0.2852048,0.082392272,3.461547938,0.000537078,0.012183357
ENSG00000018408.14_WWTR1,999.9283233,-0.431451267,0.124698614,-3.459952382,0.000540271,0.012233206
ENSG00000154319.16_FAM167A,174.8315155,0.577810306,0.167361178,3.452475138,0.000555469,0.012554204
ENSG00000120727.13_PAIP2,960.8754163,-0.300879804,0.087214187,-3.449895188,0.000560804,0.012651538
ENSG00000138035.15_PNPT1,972.4505722,0.291846093,0.0846188,3.448950979,0.000562769,0.012672606
ENSG00000140937.14_CDH11,1591.477779,-0.354827399,0.102916113,-3.447734164,0.00056531,0.01270656
ENSG00000070495.14_JMJD6,545.4577337,0.368454415,0.106954175,3.444974581,0.000571113,0.012813568
ENSG00000186185.13_KIF18B,1412.55974,0.291720702,0.08473051,3.442923956,0.000575461,0.012887603
ENSG00000171604.12_CXXC5,291.7057464,-0.474541813,0.13785279,-3.442380904,0.000576618,0.012890027
ENSG00000100528.12_CNIH1,1861.488096,-0.291229145,0.084676845,-3.439300849,0.000583219,0.012978871
ENSG00000137414.6_FAM8A1,307.4360425,-0.439361074,0.127774688,-3.438561121,0.000584815,0.012978871
ENSG00000187266.14_EPOR,94.18909275,-0.719075721,0.209100054,-3.438907396,0.000584067,0.012978871
ENSG00000223959.8_AFG3L1P,328.7163137,0.43163015,0.125476414,3.439930547,0.000581863,0.012978871
ENSG00000151657.12_KIN,332.0662107,0.445786725,0.129692587,3.437256786,0.000587638,0.012994625
ENSG00000285756.1_BX890604.2,395.5078905,0.321479822,0.093520996,3.437514959,0.000587078,0.012994625
ENSG00000182568.17_SATB1,88.36430004,-0.726550318,0.211908079,-3.428610746,0.000606679,0.013391594
ENSG00000197043.14_ANXA6,3602.259717,-0.203493475,0.059371173,-3.427479433,0.000609212,0.013399404
ENSG00000242294.6_STAG3L5P,152.2541401,0.656001926,0.191373194,3.42786736,0.000608343,0.013399404
ENSG00000185033.14_SEMA4B,656.1075864,-0.349580696,0.102068191,-3.424971995,0.000614863,0.013499532
ENSG00000083812.12_ZNF324,186.4351308,0.528577926,0.154572864,3.419603631,0.000627124,0.013719741
ENSG00000103326.12_CAPN15,956.3073158,0.393819773,0.115161414,3.419719832,0.000626857,0.013719741
ENSG00000116273.6_PHF13,481.281666,0.377392948,0.110426343,3.417598913,0.000631761,0.013796635
ENSG00000174307.6_PHLDA3,274.4312044,-0.49808073,0.145766683,-3.416972376,0.000633217,0.013803907
ENSG00000140265.12_ZSCAN29,240.9682923,0.506851765,0.148530147,3.412450432,0.000643816,0.014010127
ENSG00000135931.17_ARMC9,314.2375193,0.393759658,0.11549522,3.409315625,0.000651261,0.014147088
ENSG00000167962.14_ZNF598,739.503655,0.338244085,0.099254913,3.407832156,0.000654812,0.014199133
ENSG00000107140.16_TESK1,498.6687124,0.338758264,0.099482619,3.405200482,0.000661155,0.014211364
ENSG00000115902.11_SLC1A4,174.9595442,-0.547969531,0.160889462,-3.405875847,0.000659522,0.014211364
ENSG00000160072.19_ATAD3B,1129.227485,0.422690161,0.124130278,3.405214012,0.000661122,0.014211364
ENSG00000179051.14_RCC2,2563.044183,0.149074175,0.04377215,3.40568548,0.000659982,0.014211364
ENSG00000197223.11_C1D,197.1477968,-0.581863611,0.170850232,-3.40569401,0.000659961,0.014211364
ENSG00000177542.11_SLC25A22,1084.839975,0.286557742,0.084209974,3.402895491,0.000666758,0.014306784
ENSG00000069974.16_RAB27A,402.1616201,-0.441651658,0.129852689,-3.401174519,0.00067097,0.014362453
ENSG00000115310.18_RTN4,7930.1063,-0.187036867,0.055011935,-3.399932532,0.000674025,0.014362453
ENSG00000145191.14_EIF2B5,1643.308597,0.182155202,0.053570801,3.400270279,0.000673193,0.014362453
ENSG00000273604.1_EPOP,397.974093,0.413879564,0.121721194,3.400225957,0.000673302,0.014362453
ENSG00000178999.13_AURKB,1888.775603,0.279117606,0.082225597,3.394534264,0.000687454,0.014623272
ENSG00000100418.8_DESI1,914.4822661,0.26585828,0.078372471,3.39224061,0.000693235,0.014670101
ENSG00000137486.17_ARRB1,293.1195038,-0.475940744,0.140302467,-3.39224787,0.000693217,0.014670101
ENSG00000167114.13_SLC27A4,1032.427651,-0.246327632,0.072609276,-3.392509155,0.000692556,0.014670101
ENSG00000129173.13_E2F8,546.2266971,-0.362829365,0.107038142,-3.389720335,0.00069964,0.014780187
ENSG00000010818.10_HIVEP2,540.4416138,0.450694208,0.1330009,3.388655338,0.000702362,0.014812255
ENSG00000204516.10_MICB,1073.104696,0.237667156,0.070185043,3.386293542,0.000708436,0.014914753
ENSG00000162772.17_ATF3,201.8820871,-0.458943351,0.1355937,-3.384695239,0.000712573,0.014976219
ENSG00000049130.15_KITLG,323.1928958,-0.660032042,0.195096646,-3.38310296,0.000716718,0.01498257
ENSG00000076650.6_GPATCH1,299.6857751,0.419248229,0.123938651,3.382707708,0.00071775,0.01498257
ENSG00000168159.12_RNF187,556.859876,-0.363728302,0.107516724,-3.382992784,0.000717005,0.01498257
ENSG00000236144.7_TMEM147-AS1,187.234934,0.553608968,0.16361325,3.383643853,0.000715307,0.01498257
ENSG00000188070.9_C11orf95,395.0026109,0.344659557,0.101907435,3.382084516,0.00071938,0.014991149
ENSG00000129245.11_FXR2,1171.502715,0.21659426,0.064062206,3.380999089,0.000722228,0.015012664
ENSG00000203879.12_GDI1,2102.925366,0.228539206,0.067599935,3.380760725,0.000722855,0.015012664
ENSG00000137185.12_ZSCAN9,416.7924758,0.396261718,0.117344015,3.376923133,0.000733015,0.015198016
ENSG00000152784.15_PRDM8,238.0217435,0.470456574,0.139715802,3.367239557,0.000759247,0.015715391
ENSG00000144231.11_POLR2D,907.6015307,0.263463577,0.078294426,3.365036176,0.000765336,0.015814805
ENSG00000213639.10_PPP1CB,2194.037879,-0.357802794,0.106457736,-3.360984435,0.000776652,0.016021706
ENSG00000003436.16_TFPI,1523.846206,-0.237202265,0.070629122,-3.358420158,0.000783894,0.016126212
ENSG00000152952.12_PLOD2,1487.388427,-0.367342494,0.109384691,-3.358262406,0.000784341,0.016126212
ENSG00000124222.22_STX16,1288.396669,0.256612303,0.076444627,3.356838987,0.00078839,0.016182398
ENSG00000275464.4_FP565260.1,1028.044286,0.240517941,0.071698262,3.354585376,0.00079484,0.016287601
ENSG00000166444.19_ST5,331.8275309,-0.382159201,0.114006911,-3.352070481,0.000802096,0.016408935
ENSG00000189410.12_SH2D5,304.4389897,0.352841296,0.105304373,3.35068036,0.000806133,0.016464127
ENSG00000113716.13_HMGXB3,1552.113602,0.303848435,0.090742946,3.348452389,0.000812642,0.016542117
ENSG00000135916.16_ITM2C,810.2421921,-0.26202171,0.078249467,-3.348543048,0.000812377,0.016542117
ENSG00000101665.9_SMAD7,293.8272591,-0.387425624,0.115784812,-3.346083292,0.000819618,0.016630274
ENSG00000164951.16_PDP1,1216.187478,-0.337107081,0.100747387,-3.346062761,0.000819678,0.016630274
ENSG00000124104.19_SNX21,344.9462617,-0.40890739,0.122273371,-3.344206413,0.000825183,0.016714377
ENSG00000188522.15_FAM83G,772.1465558,0.339244209,0.101476807,3.343071381,0.000828566,0.016755291
ENSG00000125629.15_INSIG2,481.2519149,-0.430880547,0.128953579,-3.341361672,0.000833685,0.016831138
ENSG00000123975.5_CKS2,3090.680635,0.245126972,0.073409524,3.339171264,0.000840287,0.016936613
ENSG00000124191.18_TOX2,348.0675384,-0.379653207,0.113741561,-3.337858256,0.000844268,0.016961235
ENSG00000140464.19_PML,1129.339299,0.262884023,0.078757797,3.337879317,0.000844204,0.016961235
ENSG00000143442.22_POGZ,1051.482759,0.244571521,0.073455718,3.329509652,0.00086999,0.017449483
ENSG00000151576.10_QTRT2,483.7789264,0.3177361,0.095463889,3.328338128,0.000873658,0.017494495
ENSG00000170915.9_PAQR8,94.1632849,-0.692744769,0.208211361,-3.327122811,0.000877477,0.017513927
ENSG00000185504.17_FAAP100,704.2980275,0.325411836,0.097799309,3.327342898,0.000876784,0.017513927
ENSG00000198894.8_CIPC,268.5499319,0.472303779,0.142053532,3.324829544,0.000884726,0.017629995
ENSG00000152518.8_ZFP36L2,606.2774218,0.304052704,0.091481062,3.323668284,0.000888418,0.01767419
ENSG00000198604.11_BAZ1A,1205.458176,0.311242176,0.093656559,3.323228823,0.000889819,0.01767419
ENSG00000174652.19_ZNF266,717.5002034,0.29642226,0.089294779,3.319592308,0.00090149,0.017877127
ENSG00000203760.8_CENPW,447.7267091,0.430349737,0.129742444,3.316954144,0.000910046,0.018017729
ENSG00000169131.13_ZNF354A,246.8087313,0.445020983,0.134233299,3.315280095,0.000915513,0.018096845
ENSG00000104738.17_MCM4,2657.963025,-0.222020221,0.067026834,-3.312407998,0.000924965,0.01818308
ENSG00000198771.11_RCSD1,258.1413699,-0.462510211,0.139632836,-3.312331276,0.000925219,0.01818308
ENSG00000204713.11_TRIM27,1550.857131,0.189129488,0.05708211,3.313288305,0.000922059,0.01818308
ENSG00000275832.5_ARHGAP23,1654.757379,0.209005598,0.06310254,3.312158251,0.000925792,0.01818308
ENSG00000179604.10_CDC42EP4,717.4198386,-0.324611137,0.09803004,-3.311343511,0.000928492,0.018207023
ENSG00000064309.14_CDON,254.3808273,-0.532096689,0.16078405,-3.309387268,0.000935004,0.018305534
ENSG00000213859.6_KCTD11,217.3370799,0.49400607,0.149422866,3.306094199,0.000946063,0.018492594
ENSG00000140525.17_FANCI,1492.448514,0.211677817,0.0640669,3.304012158,0.000953117,0.018571432
ENSG00000141644.17_MBD1,773.6831411,0.298554968,0.090359508,3.304079182,0.000952889,0.018571432
ENSG00000083097.14_DOP1A,107.6421086,0.639732051,0.194039956,3.296908867,0.000977552,0.018957419
ENSG00000168209.5_DDIT4,1352.359705,0.293078019,0.088876752,3.297577952,0.000975226,0.018957419
ENSG00000185485.14_SDHAP1,197.9282294,0.5079527,0.154051484,3.297291836,0.00097622,0.018957419
ENSG00000162892.15_IL24,72.02977093,1.054301465,0.320314137,3.291460927,0.000996685,0.019274879
ENSG00000170684.9_ZNF296,90.98448267,0.734312367,0.223103316,3.291355681,0.000997058,0.019274879
ENSG00000152242.11_C18orf25,663.8133939,0.337742372,0.102709514,3.288326074,0.00100785,0.019444708
ENSG00000181220.17_ZNF746,334.4595699,0.387504184,0.11786975,3.287562617,0.001010587,0.019444708
ENSG00000273154.3_AL121845.3,215.403684,0.863280563,0.262571484,3.287792522,0.001009762,0.019444708
ENSG00000089048.14_ESF1,847.3018817,0.289973013,0.088242117,3.286106722,0.001015825,0.019514953
ENSG00000125304.9_TM9SF2,1694.374432,-0.384299557,0.117046731,-3.283300202,0.001025993,0.019648893
ENSG00000273018.6_FAM106A,106.5038538,-1.027964027,0.313050513,-3.283700184,0.001024539,0.019648893
ENSG00000162496.9_DHRS3,77.56359306,-0.738451975,0.225049873,-3.281281459,0.001033366,0.019759302
ENSG00000204219.10_TCEA3,430.6780915,-0.352722445,0.107543488,-3.279812203,0.001038762,0.019831645
ENSG00000104884.15_ERCC2,1655.772926,0.295674729,0.090211938,3.277556554,0.001047098,0.019959789
ENSG00000065361.15_ERBB3,50.95418435,-0.930539343,0.284434753,-3.271538843,0.001069639,0.020329843
ENSG00000138413.13_IDH1,445.3783992,-0.35828511,0.109517356,-3.271491592,0.001069818,0.020329843
ENSG00000169871.13_TRIM56,1277.793516,0.244052353,0.074658784,3.268903401,0.001079652,0.020485055
ENSG00000125898.13_FAM110A,170.4313838,0.506528559,0.155091793,3.265992024,0.001090813,0.020664944
ENSG00000139687.15_RB1,866.6932218,-0.446641985,0.136860161,-3.263491593,0.001100484,0.020816087
ENSG00000108239.8_TBC1D12,334.91227,0.367320112,0.112633429,3.261199757,0.001109419,0.020952843
ENSG00000132470.14_ITGB4,2542.532505,-0.285519307,0.087571956,-3.260396606,0.001112565,0.020980045
ENSG00000126003.7_PLAGL2,583.9471639,0.333622106,0.102382063,3.258599176,0.001119637,0.021081074
ENSG00000166250.12_CLMP,553.3102839,-0.38189164,0.117237956,-3.257406163,0.001124354,0.021137516
ENSG00000109079.10_TNFAIP1,1052.142029,0.249686587,0.076745106,3.253452888,0.001140116,0.021401114
ENSG00000181026.15_AEN,744.9661548,0.233290841,0.071743465,3.251736472,0.001147023,0.02146522
ENSG00000281453.1_TGFB2-OT1,292.2881134,0.655953244,0.201702744,3.252078933,0.001145642,0.02146522
ENSG00000133065.11_SLC41A1,886.0795586,0.278332067,0.085624492,3.250612779,0.001151566,0.02151748
ENSG00000113328.19_CCNG1,710.1464453,-0.282333836,0.086874635,-3.24989952,0.001154458,0.021538786
ENSG00000197063.11_MAFG,1055.166518,0.243213862,0.074938722,3.245503194,0.001172432,0.021840996
ENSG00000167772.12_ANGPTL4,219.2458347,0.47639998,0.146966503,3.241554848,0.001188796,0.022078914
ENSG00000204178.11_MACO1,401.8152112,-0.328839513,0.101444279,-3.241577708,0.0011887,0.022078914
ENSG00000154265.16_ABCA5,134.9825637,0.563360573,0.173997208,3.237756388,0.001204736,0.022341227
ENSG00000185112.5_FAM43A,117.4554008,0.586589788,0.18125675,3.236236923,0.001211168,0.022426675
ENSG00000024422.12_EHD2,2416.114871,-0.243103721,0.075137459,-3.235453054,0.001214499,0.022454526
ENSG00000125430.9_HS3ST3B1,228.7278805,0.47144739,0.145787992,3.233787532,0.001221603,0.022551965
ENSG00000003402.20_CFLAR,1140.614378,0.216895048,0.067128091,3.231062345,0.00123331,0.022733959
ENSG00000178695.5_KCTD12,511.0106462,-0.543037715,0.168156686,-3.229355483,0.001240696,0.022835859
ENSG00000104356.11_POP1,357.2332472,0.398408469,0.123400474,3.228581348,0.001244059,0.02286353
ENSG00000177000.12_MTHFR,144.4795559,-0.577998393,0.179346394,-3.222804646,0.001269421,0.023294822
ENSG00000135535.17_CD164,1943.186477,-0.351566704,0.109158776,-3.220691154,0.001278819,0.023432305
ENSG00000121417.14_ZNF211,296.0237397,0.396453241,0.123187647,3.218287318,0.001289586,0.023594429
ENSG00000021355.13_SERPINB1,1719.13571,-0.277606434,0.086290626,-3.217109995,0.001294889,0.023621166
ENSG00000115946.8_PNO1,756.7047475,0.268904012,0.083575023,3.217516472,0.001293056,0.023621166
ENSG00000131013.3_PPIL4,617.9914797,0.315986687,0.098243058,3.216376729,0.001298203,0.023646526
ENSG00000111801.16_BTN3A3,261.2556975,-0.40236974,0.125146831,-3.215181202,0.001303622,0.023695249
ENSG00000149564.12_ESAM,1072.590094,-0.234801684,0.073034618,-3.214936837,0.001304732,0.023695249
ENSG00000286019.1_AC239811.1,71.72894106,0.984194324,0.306294404,3.213229857,0.001312512,0.02380138
ENSG00000148331.12_ASB6,810.884901,0.296596637,0.092374248,3.210815179,0.00132359,0.023943548
ENSG00000150540.14_HNMT,204.9033815,-0.436529117,0.135961886,-3.210672709,0.001324247,0.023943548
ENSG00000031003.10_FAM13B,853.4440469,-0.433178578,0.135083326,-3.206750902,0.001342432,0.02423671
ENSG00000108774.14_RAB5C,2498.269357,-0.240434197,0.075001597,-3.205721016,0.001347245,0.02428795
ENSG00000124171.9_PARD6B,98.58175558,-0.727266768,0.226908946,-3.205103984,0.001350137,0.024304442
ENSG00000111452.13_ADGRD1,58.83047063,-1.011610777,0.316021819,-3.201078905,0.00136914,0.024610498
ENSG00000090863.11_GLG1,1701.66176,-0.243297427,0.076051355,-3.199120226,0.001378477,0.024711138
ENSG00000177084.16_POLE,1946.633921,0.333356515,0.104204482,3.199061211,0.001378759,0.024711138
ENSG00000041353.10_RAB27B,197.5629302,-0.630518804,0.197335204,-3.195166356,0.001397503,0.025010618
ENSG00000197256.10_KANK2,1339.254111,-0.194497686,0.060898063,-3.19382386,0.001404018,0.025090691
ENSG00000109654.15_TRIM2,210.2636512,-0.656527507,0.205693025,-3.191783024,0.001413975,0.025180481
ENSG00000130787.14_HIP1R,987.1880775,0.288995993,0.090531227,3.192224414,0.001411816,0.025180481
ENSG00000134186.12_PRPF38B,1270.504815,0.220012951,0.068936711,3.191520847,0.001415259,0.025180481
ENSG00000180957.17_PITPNB,1523.36322,0.291037115,0.091202243,3.191117954,0.001417234,0.025180481
ENSG00000076513.16_ANKRD13A,1223.251195,0.256543763,0.080414866,3.190252942,0.001421483,0.025219533
ENSG00000111845.5_PAK1IP1,1639.620484,0.268095003,0.084052002,3.189632574,0.001424538,0.025237309
ENSG00000165072.10_MAMDC2,382.0827481,-0.429179142,0.134617798,-3.188130751,0.001431958,0.025332259
ENSG00000003756.16_RBM5,1372.028362,0.177192144,0.055626678,3.185380649,0.001445637,0.025500874
ENSG00000155660.11_PDIA4,5401.896815,-0.134722864,0.04228989,-3.185699087,0.001444047,0.025500874
ENSG00000168300.14_PCMTD1,125.1981721,-0.58159177,0.182611422,-3.184859756,0.001448242,0.025510218
ENSG00000006118.14_TMEM132A,1204.17806,0.282051354,0.088597501,3.183513662,0.001454992,0.025592464
ENSG00000132669.13_RIN2,709.5332399,-0.328927384,0.103361388,-3.182304256,0.001461082,0.025662869
ENSG00000177125.5_ZBTB34,256.6308807,0.410590036,0.129043396,3.181798121,0.001463638,0.025671083
ENSG00000223804.5_AC244669.1,66.21929151,0.811432022,0.255059713,3.181341385,0.001465948,0.025674968
ENSG00000153071.15_DAB2,316.8931047,-0.347391855,0.109345277,-3.177017465,0.001487981,0.026023789
ENSG00000142192.21_APP,9581.044372,-0.265148575,0.083482846,-3.176084514,0.001492775,0.026033565
ENSG00000156599.11_ZDHHC5,2265.107325,0.16775577,0.052812411,3.176445979,0.001490916,0.026033565
ENSG00000119950.21_MXI1,246.7429849,-0.461812666,0.145422858,-3.17565389,0.001494992,0.026035307
ENSG00000099875.14_MKNK2,926.6781391,-0.284804272,0.089696133,-3.175212366,0.001497269,0.026038076
ENSG00000012171.19_SEMA3B,476.1839353,-0.35160247,0.110786951,-3.173681264,0.001505189,0.02610197
ENSG00000158480.11_SPATA2,285.5606289,0.381719699,0.120263847,3.174018707,0.00150344,0.02610197
ENSG00000075218.19_GTSE1,898.2010053,0.245877639,0.077491226,3.172973899,0.001508861,0.026128795
ENSG00000117399.14_CDC20,4425.12916,0.191051697,0.060242691,3.171367262,0.001517232,0.026236802
ENSG00000086289.12_EPDR1,653.8459415,-0.27224163,0.085870372,-3.170379065,0.001522402,0.026252358
ENSG00000145220.14_LYAR,1800.236723,0.259686858,0.081904908,3.170589698,0.001521299,0.026252358
ENSG00000164985.15_PSIP1,881.379327,-0.25387209,0.080126043,-3.168409172,0.001532756,0.026393892
ENSG00000090615.15_GOLGA3,946.4581922,0.240252889,0.07591952,3.164573349,0.001553105,0.026706891
ENSG00000008128.23_CDK11A,660.4375617,0.444979375,0.140725227,3.162044107,0.001566658,0.026902324
ENSG00000089280.18_FUS,8450.779782,0.169863694,0.053770533,3.159047997,0.001582854,0.027104725
ENSG00000132357.14_CARD6,135.6037313,-0.596985815,0.188958851,-3.159342955,0.001581253,0.027104725
ENSG00000134970.14_TMED7,1167.258034,-0.545389039,0.172740959,-3.157265314,0.001592564,0.027233061
ENSG00000125814.17_NAPB,175.1807918,0.482846679,0.15298123,3.156247854,0.00159813,0.027287778
ENSG00000130803.15_ZNF317,510.3441826,0.27245215,0.086331871,3.155869867,0.001600202,0.027287778
ENSG00000125618.17_PAX8,223.6677326,0.397231902,0.125933906,3.154288747,0.001608898,0.02736017
ENSG00000167635.11_ZNF146,2242.626318,0.256566951,0.081338326,3.154318068,0.001608736,0.02736017
ENSG00000107815.10_TWNK,568.555487,0.327103604,0.103783459,3.151789388,0.001622733,0.027557319
ENSG00000089154.11_GCN1,3013.703248,0.232816899,0.073894901,3.150649055,0.001629081,0.027558259
ENSG00000168137.15_SETD5,1637.773302,0.2593032,0.082286422,3.151227048,0.00162586,0.027558259
ENSG00000204389.9_HSPA1A,1504.022758,0.245299518,0.077858731,3.150571731,0.001629512,0.027558259
ENSG00000167107.12_ACSF2,202.0995847,-0.462129257,0.146702361,-3.150114663,0.001632064,0.027563498
ENSG00000007968.7_E2F2,185.6524293,-0.47714547,0.151517331,-3.149114795,0.001637659,0.027582207
ENSG00000187531.14_SIRT7,622.9106343,0.41445056,0.13160693,3.149154529,0.001637436,0.027582207
ENSG00000127663.15_KDM4B,522.2042908,-0.293119538,0.093150541,-3.146729317,0.001651077,0.027770172
ENSG00000108587.15_GOSR1,727.5972574,0.245278867,0.077977112,3.145523856,0.001657897,0.027846776
ENSG00000258947.7_TUBB3,836.6778973,-0.315359558,0.100273209,-3.145003157,0.00166085,0.027858329
ENSG00000173588.14_CEP83,209.7983833,0.447007593,0.142170711,3.144160908,0.001665638,0.027900575
ENSG00000135451.13_TROAP,919.0562381,0.336488358,0.107043631,3.143469212,0.00166958,0.027909138
ENSG00000148082.10_SHC3,401.2183062,-0.35314847,0.112350493,-3.143274761,0.001670689,0.027909138
ENSG00000111011.18_RSRC2,1258.672397,0.219341816,0.069794603,3.142675894,0.001674111,0.02792835
ENSG00000071626.16_DAZAP1,2346.049849,0.207127691,0.066014663,3.137601272,0.001703364,0.028273706
ENSG00000140400.17_MAN2C1,600.4959479,0.394257955,0.125636159,3.138093023,0.001700509,0.028273706
ENSG00000180581.7_SRP9P1,67.3886057,1.026301224,0.32710289,3.137548628,0.00170367,0.028273706
ENSG00000198624.13_CCDC69,441.261595,-0.328596048,0.104732143,-3.137489968,0.001704011,0.028273706
ENSG00000086666.19_ZFAND6,562.9274121,-0.394992771,0.125982743,-3.13529268,0.001716827,0.028415477
ENSG00000156030.13_ELMSAN1,468.9367401,-0.373560605,0.119149239,-3.135232823,0.001717178,0.028415477
ENSG00000122359.18_ANXA11,2303.866308,-0.17113619,0.054634169,-3.132402191,0.001733822,0.028652338
ENSG00000140534.13_TICRR,445.0199668,0.33439047,0.106779291,3.131604145,0.001738541,0.028653302
ENSG00000142279.12_WTIP,351.3138121,0.375909672,0.120035123,3.131664,0.001738187,0.028653302
ENSG00000130164.13_LDLR,2303.074112,-0.364714497,0.116537766,-3.129582013,0.001750552,0.028812633
ENSG00000116337.16_AMPD2,729.1334428,0.317751767,0.101564671,3.128565902,0.001756616,0.028848062
ENSG00000163811.12_WDR43,1601.890675,0.229976541,0.073511683,3.128435263,0.001757397,0.028848062
ENSG00000135763.10_URB2,486.6590259,0.394444225,0.126144079,3.126934123,0.001766395,0.028905504
ENSG00000171612.7_SLC25A33,243.2886815,0.384087505,0.122823884,3.12714019,0.001765157,0.028905504
ENSG00000255346.10_NOX5,137.2285882,-0.567371636,0.181461631,-3.126675503,0.001767949,0.028905504
ENSG00000116741.8_RGS2,51.18060246,-0.826409465,0.264392429,-3.125692619,0.001773869,0.02892535
ENSG00000277067.4_CU634019.1,49.78094046,7.647939607,2.446763998,3.125736529,0.001773604,0.02892535
ENSG00000005893.15_LAMP2,2625.388491,-0.30643202,0.098071902,-3.124564875,0.001780683,0.028998002
ENSG00000111186.13_WNT5B,413.9363088,0.311994211,0.09994828,3.121556586,0.001798977,0.029152498
ENSG00000143870.12_PDIA6,4924.822609,-0.235071189,0.075297543,-3.121897223,0.001796897,0.029152498
ENSG00000148296.7_SURF6,1017.565516,0.260877947,0.083575999,3.121445756,0.001799654,0.029152498
ENSG00000241015.2_TPM3P9,176.2865133,0.474323395,0.15194339,3.121711294,0.001798032,0.029152498
ENSG00000185864.16_NPIPB4,195.7067792,0.672440791,0.21548838,3.120543158,0.001805178,0.029203512
ENSG00000138166.6_DUSP5,1210.381664,-0.192715797,0.061823597,-3.117188357,0.001825849,0.029460381
ENSG00000204209.13_DAXX,1561.81881,0.209687746,0.067267486,3.117222875,0.001825635,0.029460381
ENSG00000042445.14_RETSAT,874.0992279,-0.22766183,0.07306417,-3.115916191,0.001833744,0.029510314
ENSG00000133121.21_STARD13,349.270458,0.401292629,0.128778749,3.116140138,0.001832352,0.029510314
ENSG00000039523.20_RIPOR1,1708.698206,0.213252297,0.06848134,3.11402051,0.001845567,0.02962303
ENSG00000163435.16_ELF3,47.47622775,-1.021497623,0.328008294,-3.11424327,0.001844174,0.02962303
ENSG00000035862.12_TIMP2,6788.282394,-0.193715408,0.062227734,-3.113007596,0.001851913,0.02964748
ENSG00000170638.9_TRABD,620.3436186,0.380797636,0.122318427,3.113166553,0.001850915,0.02964748
ENSG00000170322.14_NFRKB,679.4484244,0.279364048,0.089777504,3.111737744,0.001859896,0.029736576
ENSG00000153214.11_TMEM87B,466.2686403,-0.361398282,0.116275255,-3.108127187,0.00188277,0.030063195
ENSG00000185697.16_MYBL1,1192.63229,0.440963039,0.141963494,3.106172056,0.001895264,0.030223439
ENSG00000196576.15_PLXNB2,2731.626855,0.248213846,0.079930821,3.105358396,0.001900486,0.030267454
ENSG00000196792.12_STRN3,323.7567598,0.464955064,0.14980509,3.103733417,0.001910954,0.030391754
ENSG00000264772.6_AC016876.2,290.6432157,0.438789224,0.141390724,3.103380557,0.001913234,0.030391754
ENSG00000019186.10_CYP24A1,99.03153717,0.57587,0.185842147,3.098705055,0.001943684,0.030835608
ENSG00000008282.8_SYPL1,1923.888011,-0.452154811,0.146015343,-3.096625333,0.001957371,0.0309507
ENSG00000071054.16_MAP4K4,5129.449978,-0.226636583,0.073184759,-3.096772948,0.001956397,0.0309507
ENSG00000116574.6_RHOU,42.63063379,-0.963571779,0.311185385,-3.09645576,0.001958491,0.0309507
ENSG00000186026.7_ZNF284,60.25754815,0.849290873,0.274321637,3.095967503,0.001961719,0.030961913
ENSG00000067191.16_CACNB1,137.6448699,0.612496901,0.197957177,3.09408788,0.00197419,0.031118803
ENSG00000177225.17_GATD1,1080.717991,0.255032639,0.08262268,3.086714666,0.002023818,0.031860227
ENSG00000088179.9_PTPN4,130.6494009,-0.604332271,0.196140783,-3.081114803,0.002062271,0.032346867
ENSG00000116133.13_DHCR24,2170.060712,-0.206246704,0.066937548,-3.081181055,0.002061812,0.032346867
ENSG00000162396.6_PARS2,109.3933113,0.618392142,0.200710934,3.08100874,0.002063006,0.032346867
ENSG00000165506.14_DNAAF2,340.4531185,0.415677612,0.134931774,3.080650318,0.002065491,0.032346867
ENSG00000166068.13_SPRED1,866.6866769,-0.475847611,0.154480659,-3.080305412,0.002067884,0.032346867
ENSG00000108106.14_UBE2S,4293.657712,0.347134392,0.112750682,3.078778632,0.002078511,0.032471777
ENSG00000163297.17_ANTXR2,2014.764252,-0.34326214,0.111647119,-3.074527535,0.002108363,0.032896343
ENSG00000124532.14_MRS2,751.9037046,-0.258243009,0.084024256,-3.073434054,0.002116105,0.032933551
ENSG00000171310.11_CHST11,2075.176975,0.203311481,0.06614346,3.073795671,0.002113541,0.032933551
ENSG00000162734.12_PEA15,6219.319367,0.134164795,0.043672653,3.072055031,0.002125905,0.033044255
ENSG00000177463.15_NR2C2,981.3779327,0.325206398,0.105885551,3.071301001,0.002131282,0.033085997
ENSG00000168792.5_ABHD15,323.3830127,-0.360600852,0.117436026,-3.070615253,0.002136182,0.033120253
ENSG00000111058.8_ACSS3,62.35093776,-0.768720429,0.25039188,-3.070069322,0.002140091,0.033139065
ENSG00000160214.12_RRP1,993.2251547,0.270596288,0.088169335,3.069052151,0.002147391,0.03321028
ENSG00000158062.20_UBXN11,581.0151061,0.380138929,0.123970681,3.066361548,0.002166811,0.033468524
ENSG00000121691.6_CAT,756.8368203,-0.353266975,0.115240895,-3.06546539,0.002173315,0.033526865
ENSG00000166471.11_TMEM41B,454.045117,-0.339620765,0.110808118,-3.064944807,0.002177102,0.03354319
ENSG00000126653.18_NSRP1,1000.282867,0.214669033,0.070068605,3.063697815,0.002186196,0.033641154
ENSG00000123983.14_ACSL3,971.7952897,-0.283098389,0.092461755,-3.061789062,0.002200184,0.033814084
ENSG00000102934.10_PLLP,63.63469814,-0.764021842,0.24968662,-3.059923042,0.002213939,0.033982992
ENSG00000070610.14_GBA2,850.3910458,0.320632581,0.10481475,3.059040641,0.00222047,0.033998358
ENSG00000254726.3_MEX3A,74.7456385,0.700734626,0.229056747,3.059218449,0.002219153,0.033998358
ENSG00000213672.8_NCKIPSD,485.7348767,-0.316705864,0.103564163,-3.058064243,0.002227718,0.034066908
ENSG00000006327.13_TNFRSF12A,4616.584151,0.357271106,0.116917041,3.055765901,0.002244865,0.034265027
ENSG00000198420.10_TCAF1,1270.382997,-0.282355884,0.092406603,-3.055581242,0.002246247,0.034265027
ENSG00000107643.16_MAPK8,772.6294082,0.290645012,0.095222792,3.052263061,0.00227123,0.034603182
ENSG00000093100.13_AC016026.1,313.2745067,0.391646893,0.128379548,3.050695379,0.002283121,0.034689857
ENSG00000145354.12_CISD2,751.6948576,-0.232466612,0.076192348,-3.051049333,0.002280431,0.034689857
ENSG00000244165.2_P2RY11,270.2622321,0.402981938,0.132107987,3.05039799,0.002285383,0.034689857
ENSG00000100395.15_L3MBTL2,459.4413164,0.276794302,0.090797512,3.048478917,0.002300031,0.034869143
ENSG00000104689.9_TNFRSF10A,447.7035648,0.300883153,0.098845931,3.043960933,0.002334855,0.035353494
ENSG00000109738.11_GLRB,222.6372562,-0.431578772,0.141836258,-3.042795808,0.002343913,0.035447002
ENSG00000164291.16_ARSK,132.9492693,-0.58164767,0.191227834,-3.04164753,0.002352872,0.035538778
ENSG00000148400.11_NOTCH1,755.9210516,0.379789346,0.12492339,3.040178048,0.002364383,0.035668825
ENSG00000247596.9_TWF2,733.7532575,-0.311077053,0.10238454,-3.038320548,0.002379007,0.035845462
ENSG00000149260.17_CAPN5,164.1455282,-0.484766794,0.159606193,-3.037268076,0.00238733,0.03588646
ENSG00000212724.3_KRTAP2-3,143.6787459,0.724095561,0.238405908,3.037238327,0.002387566,0.03588646
ENSG00000169047.5_IRS1,1246.615227,-0.304085312,0.100143262,-3.036502978,0.002393397,0.035930185
ENSG00000110060.9_PUS3,193.7142067,0.462267931,0.1523846,3.033560682,0.002416861,0.036238178
ENSG00000011638.10_TMEM159,160.9113949,-0.495720169,0.163451414,-3.032828888,0.002422729,0.036281921
ENSG00000179151.13_EDC3,468.4174008,0.291556449,0.096146477,3.032419458,0.002426018,0.036286977
ENSG00000185246.17_PRPF39,548.3563323,0.267651322,0.088286362,3.031627031,0.002432395,0.036300431
ENSG00000213995.11_NAXD,383.5069296,0.311162538,0.102640587,3.031574012,0.002432823,0.036300431
ENSG00000111911.7_HINT3,237.1267752,-0.421086553,0.139043311,-3.028456031,0.002458068,0.036632668
ENSG00000143476.18_DTL,1274.655738,-0.224304967,0.074147886,-3.025102641,0.002485488,0.036996453
ENSG00000167394.13_ZNF668,138.3740644,0.52475045,0.1735577,3.023492765,0.00249875,0.03714889
ENSG00000111319.13_SCNN1A,231.998394,-0.420663835,0.13917287,-3.022599411,0.002506138,0.037175968
ENSG00000133961.20_NUMB,1275.480437,-0.221608235,0.073318513,-3.022541303,0.002506619,0.037175968
ENSG00000185551.15_NR2F2,2203.022256,-0.181045416,0.059925412,-3.02117935,0.002517922,0.037298611
ENSG00000174791.11_RIN1,556.7375728,-0.326119903,0.10797473,-3.020335431,0.002524949,0.037357696
ENSG00000137203.12_TFAP2A,196.8004428,0.500209155,0.165693291,3.018885982,0.00253706,0.037491769
ENSG00000148343.18_MIGA2,639.7342538,0.31430902,0.104216108,3.015935124,0.002561881,0.037813113
ENSG00000067082.15_KLF6,3240.732708,0.180544296,0.0598957,3.014311493,0.002575632,0.037939333
ENSG00000164649.20_CDCA7L,2105.264851,-0.173665311,0.057615779,-3.014197074,0.002576604,0.037939333
ENSG00000031691.7_CENPQ,593.6442648,-0.289325858,0.096020241,-3.013175711,0.002585292,0.038021726
ENSG00000143367.16_TUFT1,859.7969585,0.232566517,0.07724813,3.010642687,0.002606954,0.038294508
ENSG00000197122.11_SRC,624.9769762,-0.246970022,0.082166892,-3.005712093,0.002649597,0.038874463
ENSG00000078401.7_EDN1,449.6545119,-0.323886272,0.107835833,-3.003512494,0.002668826,0.03910991
ENSG00000105556.11_MIER2,438.808516,0.363100491,0.120921249,3.002784811,0.002675215,0.03915687
ENSG00000135269.18_TES,1745.867282,-0.239994394,0.079949512,-3.001824366,0.00268367,0.03923391
ENSG00000088280.19_ASAP3,534.2880399,-0.342383195,0.114104121,-3.000620766,0.002694299,0.039342524
ENSG00000152223.14_EPG5,1201.440241,0.320538614,0.10686576,2.999451042,0.002704666,0.039447054
ENSG00000070047.12_PHRF1,1154.73863,0.231424195,0.077205662,2.997502887,0.002722013,0.039461438
ENSG00000088367.22_EPB41L1,385.1463926,-0.312560034,0.104237551,-2.998535839,0.002712802,0.039461438
ENSG00000106404.13_CLDN15,88.60216532,0.658067758,0.219667439,2.995745572,0.002737748,0.039461438
ENSG00000130826.18_DKC1,3328.477048,0.146753012,0.048978921,2.996248375,0.002733237,0.039461438
ENSG00000145349.17_CAMK2D,483.292214,-0.337286404,0.11248503,-2.998500367,0.002713118,0.039461438
ENSG00000146409.12_SLC18B1,82.32099612,-0.651433904,0.217434964,-2.99599426,0.002735516,0.039461438
ENSG00000182359.15_KBTBD3,44.66910791,-0.883065095,0.294602096,-2.997484085,0.002722181,0.039461438
ENSG00000185585.20_OLFML2A,839.9698452,-0.214931928,0.071744442,-2.995799007,0.002737268,0.039461438
ENSG00000205336.11_ADGRG1,486.4625423,-0.341703858,0.113971823,-2.998143301,0.002716299,0.039461438
ENSG00000271787.1_AC104794.4,34.49498131,-1.085375047,0.362229047,-2.996377724,0.002732078,0.039461438
ENSG00000115694.15_STK25,1653.277256,0.222356718,0.074293887,2.992934222,0.002763093,0.039780126
ENSG00000103335.22_PIEZO1,3238.401669,0.311614283,0.104185792,2.990947967,0.002781129,0.03998476
ENSG00000175727.14_MLXIP,1179.067053,0.218577593,0.073086897,2.990653602,0.002783811,0.03998476
ENSG00000015532.9_XYLT2,362.0150231,-0.354134057,0.118437254,-2.990056299,0.00278926,0.040016284
ENSG00000085872.15_CHERP,1481.805399,0.208453834,0.069751665,2.988514121,0.002803375,0.040171913
ENSG00000074356.17_NCBP3,853.203898,0.250999839,0.084052853,2.986214386,0.002824546,0.040428157
ENSG00000112655.16_PTK7,1441.129623,-0.203872708,0.068281264,-2.985778185,0.002828577,0.040438789
ENSG00000204172.12_AGAP9,321.8761393,0.523729899,0.175457591,2.984937251,0.002836365,0.040503029
ENSG00000138678.11_GPAT3,1037.280726,-0.282503228,0.094684931,-2.983613395,0.002848665,0.040631474
ENSG00000148700.14_ADD3,607.6670687,-0.390493865,0.130996012,-2.980959954,0.002873464,0.040890319
ENSG00000176641.11_RNF152,100.3814398,0.577092059,0.193592263,2.980966546,0.002873402,0.040890319
ENSG00000137054.16_POLR1E,947.2742488,0.205237765,0.068863948,2.980336903,0.002879315,0.04092622
ENSG00000104885.18_DOT1L,912.8438686,0.269603541,0.09050028,2.979035427,0.002891573,0.041052997
ENSG00000108821.13_COL1A1,162.9448466,0.535801274,0.179906097,2.97822743,0.002899208,0.041084208
ENSG00000152795.17_HNRNPDL,6283.405636,0.232346087,0.078022893,2.977921961,0.002902099,0.041084208
ENSG00000172731.14_LRRC20,316.8233564,-0.3909222,0.13128139,-2.977742699,0.002903796,0.041084208
ENSG00000091527.15_CDV3,3033.264888,0.24988849,0.083930561,2.977324174,0.002907764,0.041093052
ENSG00000125875.14_TBC1D20,749.5463337,0.245506399,0.082517063,2.975219809,0.002927787,0.041213589
ENSG00000179630.11_LACC1,235.5796874,0.476252775,0.160082701,2.975042101,0.002929483,0.041213589
ENSG00000180611.7_MB21D2,142.0150866,0.47257217,0.158846758,2.97501929,0.002929701,0.041213589
ENSG00000196793.13_ZNF239,175.8788955,0.445093544,0.149609858,2.975028192,0.002929616,0.041213589
ENSG00000099814.16_CEP170B,733.3221427,0.390117269,0.131241284,2.97251945,0.002953665,0.041361402
ENSG00000126001.16_CEP250,2530.832412,-0.194637135,0.065462614,-2.973256357,0.002946582,0.041361402
ENSG00000136999.5_CCN3,88.4311653,-0.61948011,0.208356917,-2.973167964,0.002947431,0.041361402
ENSG00000172432.19_GTPBP2,1828.589128,0.228448461,0.076846967,2.972771341,0.002951242,0.041361402
ENSG00000179943.8_FIZ1,194.6503533,0.420034667,0.141326203,2.972093333,0.002957768,0.041371732
ENSG00000102271.14_KLHL4,561.661976,-0.471965738,0.158902384,-2.970161474,0.002976433,0.041491199
ENSG00000125733.18_TRIP10,2539.162919,0.221573108,0.074599557,2.970166533,0.002976384,0.041491199
ENSG00000173145.11_NOC3L,859.0709275,0.293873826,0.098935417,2.970360221,0.002974507,0.041491199
ENSG00000143384.13_MCL1,5345.878997,0.143887238,0.04846123,2.969120649,0.002986533,0.041584852
ENSG00000198917.13_SPOUT1,778.2090542,0.297949152,0.100378505,2.968256517,0.002994943,0.041654775
ENSG00000072401.15_UBE2D1,305.1927901,-0.42703159,0.144051391,-2.964439204,0.003032352,0.042081309
ENSG00000197375.12_SLC22A5,225.1292918,0.397993408,0.134256362,2.964428659,0.003032455,0.042081309
ENSG00000117984.14_CTSD,16167.43983,-0.260947342,0.08805663,-2.963403701,0.003042572,0.042174102
ENSG00000106460.19_TMEM106B,404.6590199,-0.413494159,0.139630262,-2.961350592,0.003062931,0.042265692
ENSG00000116473.14_RAP1A,921.6706905,-0.302589334,0.102168979,-2.961655643,0.003059898,0.042265692
ENSG00000126603.8_GLIS2,301.1168398,0.399881795,0.135011142,2.96184293,0.003058037,0.042265692
ENSG00000135919.13_SERPINE2,281.1587591,-0.338481761,0.114288588,-2.961640944,0.003060044,0.042265692
ENSG00000185630.18_PBX1,284.2330482,-0.469578132,0.158656794,-2.959710196,0.003079286,0.04244374
ENSG00000169220.18_RGS14,69.7821597,-0.721531743,0.243969182,-2.957470841,0.003101741,0.042705379
ENSG00000168685.15_IL7R,299.6142931,0.399825748,0.135228001,2.956678684,0.00310972,0.042767345
ENSG00000105355.9_PLIN3,2500.909448,-0.223828909,0.075720044,-2.956006073,0.00311651,0.042812832
ENSG00000066379.15_ZNRD1,535.1566666,0.368633595,0.124752678,2.954915295,0.003127549,0.042916535
ENSG00000130749.10_AC008755.1,628.1360227,0.270793354,0.091694144,2.95322408,0.003144736,0.043056268
ENSG00000140396.13_NCOA2,182.0796598,-0.580922476,0.196688366,-2.95351722,0.003141751,0.043056268
ENSG00000138449.10_SLC40A1,63.72523198,-0.748399726,0.253629891,-2.950755224,0.00316998,0.043305596
ENSG00000158470.5_B4GALT5,1380.403608,0.261533716,0.088632837,2.950754196,0.003169991,0.043305596
ENSG00000213024.11_NUP62,2122.910096,0.16972966,0.05753233,2.950161386,0.00317608,0.043340623
ENSG00000080503.24_SMARCA2,698.2682413,-0.352458451,0.11956323,-2.947883329,0.003199578,0.043612872
ENSG00000133884.10_DPF2,949.6382498,0.202733585,0.068782378,2.947464028,0.00320392,0.043623698
ENSG00000127399.15_LRRC61,708.8713835,-0.292519409,0.099256548,-2.947104402,0.003207649,0.043626153
ENSG00000074696.13_HACD3,1576.806747,-0.275152721,0.093388861,-2.946311998,0.003215878,0.043689752
ENSG00000141219.15_C17orf80,378.8130651,0.345787846,0.117418178,2.944925993,0.003230319,0.043837499
ENSG00000110172.12_CHORDC1,1090.932236,0.239450677,0.08132217,2.944469839,0.003235085,0.043853768
ENSG00000137804.13_NUSAP1,3188.123068,0.142986853,0.048587789,2.94285572,0.003251999,0.043986064
ENSG00000160208.13_RRP1B,1151.685156,0.232422959,0.078970207,2.943172727,0.003248671,0.043986064
ENSG00000170412.17_GPRC5C,122.1370527,-0.56264257,0.191231897,-2.942200427,0.003258889,0.044030817
ENSG00000100055.21_CYTH4,44.07828929,-0.906819541,0.308256266,-2.941771641,0.003263405,0.044042583
ENSG00000166451.13_CENPN,872.9235807,0.207219785,0.070448467,2.941437805,0.003266924,0.044042583
ENSG00000108175.17_ZMIZ1,2236.121435,-0.24015063,0.08167338,-2.940378243,0.003278118,0.044145084
ENSG00000223496.3_EXOSC6,513.770217,0.295611403,0.100673976,2.93632392,0.003321273,0.044677301
ENSG00000106554.13_CHCHD3,1478.043446,-0.188804708,0.064315787,-2.935588882,0.003329152,0.044734346
ENSG00000172893.15_DHCR7,797.7925663,-0.227003829,0.07739238,-2.933154789,0.003355366,0.045037358
ENSG00000155506.17_LARP1,4846.741769,0.222697986,0.075955743,2.931944016,0.003368475,0.045164008
ENSG00000120889.13_TNFRSF10B,2236.029025,0.190538517,0.065013812,2.930739034,0.003381567,0.045290163
ENSG00000104763.19_ASAH1,722.3499803,-0.285396185,0.097444119,-2.928818983,0.003402525,0.045521269
ENSG00000070614.15_NDST1,2187.918948,0.261336319,0.08928405,2.927021339,0.003422254,0.045706398
ENSG00000171033.13_PKIA,58.72339816,-0.744397924,0.254331455,-2.926881079,0.003423798,0.045706398
ENSG00000198369.10_SPRED2,651.0784652,-0.237543912,0.081192195,-2.925698856,0.003436834,0.045830672
ENSG00000266074.8_BAHCC1,419.1377147,-0.340775745,0.116527432,-2.924425093,0.003450931,0.045968797
ENSG00000198298.13_ZNF485,104.3665028,0.57862544,0.197980326,2.92264111,0.003470763,0.046182936
ENSG00000159882.13_ZNF230,95.59629725,0.6495561,0.22248048,2.919609396,0.003504704,0.046584141
ENSG00000170525.21_PFKFB3,840.7003612,-0.277472563,0.095093338,-2.917896972,0.003524008,0.046790145
ENSG00000054598.8_FOXC1,313.704436,0.359019294,0.123090015,2.916721509,0.003537315,0.046864703
ENSG00000126947.12_ARMCX1,340.7868617,-0.328602128,0.112681381,-2.916206068,0.003543164,0.046864703
ENSG00000166922.8_SCG5,159.0665441,0.504305198,0.172940854,2.916055903,0.00354487,0.046864703
ENSG00000278535.5_DHRS11,370.0366598,0.326822529,0.112066936,2.916315376,0.003541923,0.046864703
ENSG00000111364.16_DDX55,712.369716,0.259436944,0.089075505,2.912550924,0.003584897,0.047292182
ENSG00000113758.13_DBN1,1294.033009,-0.176679983,0.060654769,-2.912878653,0.003581137,0.047292182
ENSG00000141682.11_PMAIP1,1186.39567,-0.2801293,0.096192326,-2.912179292,0.003589166,0.047297739
ENSG00000142871.17_CCN1,22591.15083,-0.209437368,0.071959482,-2.91049022,0.003608623,0.047503228
ENSG00000148843.15_PDCD11,1193.427081,0.256411465,0.088153739,2.908685083,0.003629523,0.047727252
ENSG00000002016.17_RAD52,61.16697205,0.783153444,0.269472009,2.906251557,0.003657872,0.048048656
ENSG00000124177.15_CHD6,537.9378238,-0.354368842,0.12202076,-2.904168446,0.0036823,0.048163699
ENSG00000124279.12_FASTKD3,333.251785,0.333515109,0.114808894,2.904958812,0.003673014,0.048163699
ENSG00000131171.13_SH3BGRL,468.5374215,-0.330443282,0.113777127,-2.904303257,0.003680715,0.048163699
ENSG00000135074.15_ADAM19,924.3315815,0.283512437,0.097619045,2.904273825,0.003681061,0.048163699
ENSG00000136630.13_HLX,60.96175173,0.789358878,0.271881842,2.90331591,0.00369234,0.048243695
ENSG00000112242.15_E2F3,1081.806206,0.232730491,0.080202435,2.901788353,0.003710391,0.048376735
ENSG00000186918.14_ZNF395,1136.186872,-0.227203011,0.078291125,-2.902027684,0.003707558,0.048376735
ENSG00000131095.13_GFAP,50.03804614,-0.827365763,0.285221528,-2.900783018,0.003722315,0.048480791
ENSG00000052749.13_RRP12,1354.222743,0.191871441,0.066212611,2.897808127,0.003757804,0.048891218
ENSG00000197362.14_ZNF786,105.2110107,0.573931811,0.198094669,2.89726026,0.003764373,0.048924915
ENSG00000189306.11_RRP7A,1957.09651,0.202234735,0.069860055,2.894855086,0.003793336,0.049249279
ENSG00000284024.2_HSPA14,532.9449503,0.261324631,0.090288118,2.894341314,0.003799549,0.049277907
ENSG00000134453.16_RBM17,2045.392704,0.228675837,0.079071904,2.89199862,0.003827996,0.049594536
ENSG00000171425.10_ZNF581,173.9011362,0.441389997,0.152679689,2.890954255,0.00384074,0.049707264
ENSG00000158805.12_ZNF276,362.9355704,0.388417294,0.134389332,2.890239051,0.00384949,0.049768114
ENSG00000123146.20_ADGRE5,4172.859432,-0.210578809,0.072887567,-2.889090922,0.003863573,0.049897726
ENSG00000011198.9_ABHD5,1077.115967,0.22057825,0.076359248,2.888690701,0.003868494,0.049908847